epoch,time,train/loss_bbox,train/loss_ce,train/loss_continuity_1d,train/loss_giou,metrics/mAP50(B),metrics/mAP50-95(B),metrics/precision(B),metrics/recall(B),val/loss_bbox,val/loss_ce,val/loss_giou,lr/pg0,lr/pg1
1,3.81773,2.44866,1.75978,0.00170116,1.81282,0,0,0,0,0.591273,1.36447,1.38603,0.0001,1e-05
2,7.13594,0.544566,1.21151,0.00160989,1.28399,0,0,0,0,0.258464,0.943392,0.803255,0.0001,1e-05
3,10.2032,0.247246,0.787071,0.00157253,0.723207,0,0,0,0,0.180448,0.55536,0.612623,0.0001,1e-05
4,13.2809,0.191984,0.492613,0.00150943,0.573259,0,0,0,0,0.167855,0.398881,0.563644,0.0001,1e-05
5,16.6353,0.180027,0.395826,0.00141012,0.495508,0.000770077,0.000231023,0.000770077,0.009375,0.149233,0.356638,0.51151,0.0001,1e-05
6,19.8128,0.136758,0.360462,0.00134234,0.409137,0.00019802,1.9802e-05,0.00019802,0.003125,0.199691,0.333118,0.655983,0.0001,1e-05
7,23.099,0.160607,0.333949,0.00126719,0.531843,0.000803845,0.000160758,0.000803845,0.021875,0.193536,0.328143,0.603979,0.0001,1e-05
8,26.2419,0.115393,0.329082,0.00122518,0.398224,0.00174001,0.000542617,0.00174001,0.034375,0.10905,0.323532,0.38229,0.0001,1e-05
9,29.3224,0.109247,0.320723,0.00120059,0.348131,0.0122655,0.00533019,0.0122655,0.0875,0.0892489,0.317422,0.324185,0.0001,1e-05
10,32.5861,0.0872849,0.30387,0.00112118,0.343837,0.0430073,0.0135322,0.0430073,0.250875,0.0938114,0.313087,0.330933,0.0001,1e-05
11,36.0586,0.0946532,0.300027,0.00103214,0.303443,0.0622513,0.0265527,0.0622513,0.42075,0.0945977,0.308408,0.331708,0.0001,1e-05
12,39.473,0.0950063,0.282105,0.00100991,0.346206,0.0958329,0.0320136,0.0958329,0.535,0.117765,0.300862,0.405147,0.0001,1e-05
13,42.8087,0.114827,0.274268,0.000967022,0.396224,0.0995164,0.0319453,0.0995164,0.530625,0.136131,0.293713,0.451303,0.0001,1e-05
14,46.0904,0.120427,0.277527,0.000959089,0.398164,0.0789517,0.0318712,0.0789517,0.585375,0.12742,0.285138,0.426211,0.0001,1e-05
15,49.4875,0.104944,0.264337,0.000950603,0.367462,0.0980209,0.0557961,0.0980209,0.694375,0.113727,0.28023,0.362306,0.0001,1e-05
16,52.6632,0.0943384,0.268541,0.000929749,0.296503,0.0734963,0.0405281,0.0734963,0.652125,0.101542,0.278518,0.361927,0.0001,1e-05
17,55.855,0.0746598,0.274107,0.0009052,0.285991,0.0612857,0.0361735,0.0612857,0.75375,0.0642015,0.28076,0.226983,0.0001,1e-05
18,59.2193,0.141077,0.2822,0.000846561,0.337262,0.0323684,0.0155903,0.0323684,0.712375,0.0525317,0.281146,0.204034,0.0001,1e-05
19,62.4281,0.0716942,0.282539,0.00081016,0.253832,0.0237589,0.0132042,0.0237589,0.667125,0.0431243,0.27846,0.189864,0.0001,1e-05
20,65.802,0.0654897,0.281998,0.000772331,0.216278,0.028459,0.0171082,0.028459,0.538125,0.06252,0.269901,0.2567,0.0001,1e-05
21,69.0378,0.0685817,0.27177,0.000766746,0.241944,0.0233335,0.0121385,0.0233335,0.434625,0.071984,0.267131,0.288356,0.0001,1e-05
22,72.22,0.0575484,0.267695,0.000786935,0.219145,0.025777,0.0121627,0.025777,0.46825,0.0629649,0.266699,0.236556,0.0001,1e-05
23,75.5511,0.0672077,0.266181,0.000778581,0.233772,0.0202242,0.00980748,0.0202242,0.512125,0.058966,0.262207,0.23432,0.0001,1e-05
24,78.8907,0.117932,0.258872,0.000705422,0.324708,0.0113128,0.00657916,0.0113128,0.45625,0.0627238,0.254698,0.266873,0.0001,1e-05
25,82.1605,0.0504908,0.253005,0.000755401,0.225401,0.0124038,0.00805737,0.0124038,0.473125,0.0474445,0.252971,0.192036,0.0001,1e-05
26,85.315,0.0558363,0.254705,0.000761023,0.210376,0.0149674,0.0101247,0.0149674,0.522125,0.0494275,0.253777,0.196218,0.0001,1e-05
27,88.4636,0.0610249,0.2549,0.000720542,0.232231,0.020527,0.0124882,0.020527,0.66475,0.0420137,0.248835,0.17659,0.0001,1e-05
28,91.8869,0.0462341,0.249926,0.000699683,0.178543,0.0240039,0.0150054,0.0240039,0.6665,0.0446553,0.245388,0.189622,0.0001,1e-05
29,95.1367,0.0513976,0.240121,0.000706037,0.191625,0.0238483,0.0165095,0.0238483,0.689375,0.0523495,0.242704,0.181706,0.0001,1e-05
30,98.4692,0.0501771,0.244195,0.000703651,0.204453,0.0283367,0.018473,0.0283367,0.647125,0.0692536,0.242478,0.245226,0.0001,1e-05
31,101.841,0.0597275,0.243342,0.000712666,0.233603,0.0276897,0.0167574,0.0276897,0.72975,0.0509028,0.240972,0.213991,0.0001,1e-05
32,105.133,0.0586408,0.240337,0.000697644,0.22797,0.0425835,0.0306251,0.0425835,0.80125,0.0438343,0.238103,0.178466,0.0001,1e-05
33,108.474,0.0459087,0.241806,0.000677105,0.186198,0.0429747,0.0306566,0.0429747,0.698875,0.0567572,0.235858,0.267784,0.0001,1e-05
34,111.677,0.0536367,0.240638,0.000660216,0.223032,0.0451427,0.0328303,0.0451427,0.73925,0.0527505,0.235207,0.226663,0.0001,1e-05
35,114.882,0.0469046,0.239001,0.00066984,0.195471,0.0518585,0.0320282,0.0518585,0.8285,0.043395,0.233135,0.1866,0.0001,1e-05
36,118.205,0.056221,0.240652,0.000642944,0.196535,0.0584024,0.0285963,0.0584024,0.788,0.0526257,0.23302,0.213561,0.0001,1e-05
37,121.752,0.0594781,0.238755,0.000601325,0.203421,0.0701349,0.045048,0.0701349,0.8635,0.0369025,0.231004,0.154066,0.0001,1e-05
38,125.072,0.0406697,0.234534,0.000636508,0.149658,0.0618268,0.0385274,0.0618268,0.818,0.0429935,0.230612,0.168023,0.0001,1e-05
39,128.356,0.0379049,0.231704,0.000640558,0.160776,0.0589944,0.0381217,0.0589944,0.825125,0.0385714,0.230768,0.169785,0.0001,1e-05
40,131.558,0.0481853,0.229875,0.000638305,0.18506,0.0542084,0.0356059,0.0542084,0.76725,0.0585399,0.231608,0.219171,0.0001,1e-05
41,134.812,0.0470309,0.227149,0.000661451,0.175343,0.0578132,0.0357454,0.0578132,0.825625,0.0443235,0.227254,0.179888,0.0001,1e-05
42,138.109,0.0474785,0.226873,0.000601484,0.174902,0.0525024,0.0291428,0.0525024,0.7875,0.0516994,0.226952,0.191364,0.0001,1e-05
43,141.407,0.057025,0.229198,0.000622476,0.213763,0.0523525,0.0283765,0.0523525,0.774375,0.048643,0.225094,0.206146,0.0001,1e-05
44,144.682,0.0494425,0.230054,0.000599517,0.18948,0.0675552,0.0379114,0.0675552,0.81825,0.0473023,0.222851,0.193337,0.0001,1e-05
45,147.87,0.0496096,0.22372,0.00058831,0.185978,0.0683144,0.0384763,0.0683144,0.778,0.045349,0.224276,0.203574,0.0001,1e-05
46,151.178,0.0507752,0.228675,0.000601452,0.20939,0.0645243,0.0450711,0.0645243,0.867,0.0327163,0.222174,0.1509,0.0001,1e-05
47,154.306,0.0429013,0.229172,0.000599557,0.185148,0.0608749,0.0379305,0.0608749,0.789,0.0543729,0.220805,0.207143,0.0001,1e-05
48,157.554,0.0468895,0.229017,0.00059342,0.169058,0.0603447,0.0419253,0.0603447,0.817875,0.0548972,0.221555,0.213634,0.0001,1e-05
49,160.789,0.0419972,0.22745,0.00061487,0.167481,0.0586324,0.0342893,0.0586324,0.742875,0.0700001,0.220547,0.280609,0.0001,1e-05
50,164.121,0.0449597,0.225192,0.000574102,0.193556,0.0681488,0.0458739,0.0681488,0.799625,0.0515236,0.218305,0.21426,0.0001,1e-05
51,167.505,0.0457469,0.221281,0.000564041,0.189744,0.0593953,0.0422477,0.0593953,0.8055,0.0464146,0.22122,0.196267,0.0001,1e-05
52,170.648,0.0505933,0.223435,0.000619601,0.209472,0.0840028,0.0508798,0.0840028,0.832,0.0373192,0.219049,0.153424,0.0001,1e-05
53,173.865,0.0434115,0.221844,0.000587824,0.166579,0.0875028,0.0639934,0.0875028,0.856375,0.0427233,0.216598,0.165627,0.0001,1e-05
54,177.101,0.0374668,0.222117,0.000615755,0.163176,0.0744134,0.0592077,0.0744134,0.85075,0.0369366,0.217904,0.152992,0.0001,1e-05
55,180.304,0.0382282,0.219491,0.000574034,0.16477,0.0724903,0.049655,0.0724903,0.842125,0.0435797,0.218017,0.165546,0.0001,1e-05
56,183.636,0.0438196,0.218328,0.000541542,0.176131,0.0680572,0.0421014,0.0680572,0.810875,0.0494936,0.218742,0.189557,0.0001,1e-05
57,186.902,0.0405299,0.222405,0.000553468,0.162717,0.0640099,0.0424244,0.0640099,0.831625,0.0395021,0.218948,0.160352,0.0001,1e-05
58,190.205,0.0421322,0.22043,0.000538007,0.167161,0.0849252,0.0499655,0.0849252,0.815375,0.0522156,0.213874,0.191848,0.0001,1e-05
59,193.513,0.0448068,0.221587,0.000534893,0.184903,0.103384,0.0526925,0.103384,0.756,0.0610847,0.212867,0.249808,0.0001,1e-05
60,196.769,0.0482205,0.217927,0.00055208,0.177643,0.0899028,0.0697976,0.0899028,0.877,0.0330969,0.214375,0.141946,0.0001,1e-05
61,200.049,0.04927,0.213037,0.00051083,0.191875,0.0880715,0.0524696,0.0880715,0.830125,0.0397128,0.214128,0.185713,0.0001,1e-05
62,203.315,0.0484666,0.217768,0.000547077,0.194017,0.0952966,0.0602134,0.0952966,0.772,0.0595791,0.213627,0.242923,0.0001,1e-05
63,206.586,0.0522093,0.211584,0.000521359,0.191242,0.0682734,0.0392984,0.0682734,0.79325,0.0562595,0.213881,0.229618,0.0001,1e-05
64,209.775,0.0564014,0.218753,0.000547205,0.217245,0.0538318,0.0300559,0.0538318,0.676875,0.0724754,0.213769,0.316196,0.0001,1e-05
65,213.061,0.0463948,0.222229,0.000504163,0.219898,0.0690623,0.0430326,0.0690623,0.8095,0.0497066,0.214548,0.18692,0.0001,1e-05
66,216.563,0.0456426,0.219257,0.000473063,0.191758,0.0663732,0.0456768,0.0663732,0.869,0.0343706,0.215227,0.145752,0.0001,1e-05
67,219.855,0.0392783,0.21778,0.000531516,0.15182,0.0684061,0.0456732,0.0684061,0.84125,0.0364821,0.213036,0.168547,0.0001,1e-05
68,223.152,0.0374339,0.209386,0.00051554,0.152928,0.0581922,0.0380411,0.0581922,0.814875,0.0484562,0.218277,0.185173,0.0001,1e-05
69,226.379,0.0576338,0.221349,0.000525704,0.194888,0.0559995,0.0323608,0.0559995,0.754,0.062313,0.216561,0.261307,0.0001,1e-05
70,229.819,0.0529221,0.215943,0.000534527,0.217032,0.0534438,0.0353761,0.0534438,0.757875,0.0485104,0.2144,0.235636,0.0001,1e-05
71,233.195,0.0442969,0.218795,0.000489624,0.18263,0.0599339,0.0399416,0.0599339,0.834875,0.0332364,0.212955,0.150176,0.0001,1e-05
72,236.537,0.0449347,0.211706,0.000478092,0.182312,0.0700682,0.0564126,0.0700682,0.85675,0.0396315,0.208901,0.158341,0.0001,1e-05
73,239.99,0.0386982,0.212607,0.000474121,0.158553,0.0622298,0.0384641,0.0622298,0.75825,0.0654009,0.211843,0.239326,0.0001,1e-05
74,243.232,0.0543491,0.216521,0.000514617,0.221511,0.0475212,0.0276863,0.0475212,0.54075,0.10344,0.210342,0.417685,0.0001,1e-05
75,246.589,0.0485642,0.215708,0.000514029,0.226632,0.0550778,0.0358447,0.0550778,0.692125,0.0626549,0.211252,0.274401,0.0001,1e-05
76,249.79,0.0495853,0.214862,0.000544079,0.199461,0.071154,0.0517188,0.071154,0.83975,0.044498,0.208593,0.175377,0.0001,1e-05
77,253.018,0.0399743,0.211793,0.000513845,0.155094,0.0730187,0.0515433,0.0730187,0.869375,0.0347534,0.207601,0.152235,0.0001,1e-05
78,256.162,0.0418826,0.213011,0.000507939,0.172329,0.077021,0.0532652,0.077021,0.82525,0.0359768,0.211404,0.176674,0.0001,1e-05
79,259.509,0.0467979,0.2155,0.000452241,0.192294,0.0843585,0.0526701,0.0843585,0.850625,0.0310186,0.209271,0.148374,0.0001,1e-05
80,262.872,0.0457723,0.214163,0.000499051,0.170625,0.0717652,0.042065,0.0717652,0.75575,0.0647582,0.207998,0.261378,0.0001,1e-05
81,266.034,0.0494067,0.211872,0.000497946,0.1948,0.0697912,0.0449947,0.0697912,0.872125,0.0433247,0.210296,0.164096,0.0001,1e-05
82,269.269,0.0409902,0.211894,0.000480137,0.161654,0.069799,0.0428234,0.069799,0.848,0.0399368,0.212627,0.164554,0.0001,1e-05
83,272.663,0.0424603,0.211298,0.000501149,0.17128,0.0749606,0.0485582,0.0749606,0.854875,0.0326635,0.20736,0.149198,0.0001,1e-05
84,275.845,0.0372904,0.209941,0.000470957,0.151896,0.0623607,0.0421798,0.0623607,0.774375,0.0549556,0.207906,0.22878,0.0001,1e-05
85,279.144,0.0616857,0.207244,0.000490527,0.223709,0.0509618,0.0292894,0.0509618,0.625625,0.0795326,0.205731,0.405617,0.0001,1e-05
86,282.511,0.0511242,0.210171,0.000450596,0.220918,0.0624567,0.044179,0.0624567,0.813,0.0469092,0.20529,0.209033,0.0001,1e-05
87,285.884,0.0409018,0.207756,0.000487917,0.168099,0.10059,0.0564024,0.10059,0.889875,0.0302337,0.208039,0.131593,0.0001,1e-05
88,289.246,0.0320308,0.211058,0.000476062,0.129799,0.111712,0.0588225,0.111712,0.838375,0.0379186,0.207633,0.170234,0.0001,1e-05
89,292.49,0.0388092,0.206012,0.000477721,0.160441,0.0840097,0.0511607,0.0840097,0.842,0.0475594,0.206258,0.186595,0.0001,1e-05
90,295.779,0.0469962,0.205627,0.000503761,0.191999,0.0686926,0.0428384,0.0686926,0.807625,0.0457365,0.202334,0.221396,0.0001,1e-05
91,299.064,0.0452469,0.207828,0.000449184,0.173004,0.0682692,0.0459544,0.0682692,0.838875,0.0431811,0.203764,0.183658,0.0001,1e-05
92,302.362,0.0435569,0.209286,0.000443153,0.178402,0.0938842,0.0572828,0.0938842,0.890125,0.032529,0.20731,0.138703,0.0001,1e-05
93,305.663,0.0380082,0.20305,0.00047418,0.155634,0.0918761,0.0477354,0.0918761,0.827,0.0372104,0.2114,0.15667,0.0001,1e-05
94,308.91,0.0388877,0.211666,0.000452746,0.156644,0.0723229,0.0492569,0.0723229,0.855375,0.0335798,0.209442,0.136827,0.0001,1e-05
95,312.108,0.0404558,0.207148,0.000445206,0.140449,0.0799156,0.0577767,0.0799156,0.896625,0.0349771,0.205055,0.138893,0.0001,1e-05
96,315.455,0.0330334,0.208129,0.000457821,0.129787,0.0900565,0.0562386,0.0900565,0.869625,0.0359055,0.206426,0.151305,0.0001,1e-05
97,318.644,0.0905911,0.208598,0.000445684,0.235478,0.0885434,0.0540042,0.0885434,0.8275,0.0460022,0.205178,0.189005,0.0001,1e-05
98,322.141,0.0454591,0.205654,0.00041657,0.183696,0.0838932,0.0554203,0.0838932,0.824125,0.0404113,0.208038,0.172755,0.0001,1e-05
99,325.413,0.0859294,0.210274,0.000450469,0.215053,0.0810355,0.0612264,0.0810355,0.863375,0.0331542,0.204506,0.157078,0.0001,1e-05
100,328.675,0.045305,0.207508,0.000460663,0.173177,0.077297,0.0576433,0.077297,0.843375,0.0459197,0.204116,0.1879,0.0001,1e-05
101,332.043,0.0468373,0.203362,0.000462315,0.186451,0.0678224,0.037417,0.0678224,0.703375,0.0760305,0.206302,0.304194,0.0001,1e-05
102,335.324,0.0617089,0.206575,0.000488645,0.230137,0.0775181,0.0491004,0.0775181,0.827375,0.0562179,0.205621,0.215329,0.0001,1e-05
103,338.763,0.0433748,0.206548,0.000470716,0.172411,0.0744625,0.0488454,0.0744625,0.872125,0.0381259,0.202198,0.146166,0.0001,1e-05
104,342.016,0.0423131,0.204695,0.000488203,0.162947,0.0714977,0.0478242,0.0714977,0.83975,0.0403189,0.204559,0.166492,0.0001,1e-05
105,345.505,0.0474707,0.20285,0.000456114,0.188026,0.0735654,0.0521911,0.0735654,0.869875,0.0420321,0.202954,0.16232,0.0001,1e-05
106,348.829,0.0295998,0.204339,0.000477312,0.132498,0.0831869,0.0517669,0.0831869,0.846875,0.0372896,0.204868,0.15217,0.0001,1e-05
107,352.092,0.0372934,0.206626,0.000427571,0.150064,0.0711202,0.051097,0.0711202,0.850875,0.0403785,0.203952,0.174846,0.0001,1e-05
108,355.463,0.0374735,0.204778,0.00045715,0.15418,0.0847538,0.0559704,0.0847538,0.82,0.0509042,0.203016,0.201818,0.0001,1e-05
109,358.802,0.0512641,0.198559,0.000428371,0.176061,0.110869,0.0647548,0.110869,0.809875,0.0442297,0.204768,0.199964,0.0001,1e-05
110,362.007,0.0468488,0.201137,0.000456841,0.18234,0.0831636,0.0522128,0.0831636,0.857375,0.0341221,0.203984,0.150924,0.0001,1e-05
111,365.353,0.0395751,0.202815,0.000460213,0.160482,0.0728474,0.0481305,0.0728474,0.823,0.0435405,0.202843,0.188975,0.0001,1e-05
112,368.612,0.0441652,0.202222,0.000442584,0.188511,0.0952736,0.0552565,0.0952736,0.859125,0.0396158,0.201321,0.16197,0.0001,1e-05
113,371.854,0.047246,0.202371,0.000428949,0.200264,0.0927153,0.0592071,0.0927153,0.857375,0.0379862,0.201598,0.16171,0.0001,1e-05
114,375.336,0.0464335,0.201744,0.000447454,0.168418,0.0669703,0.0402665,0.0669703,0.8235,0.0419867,0.206281,0.175603,0.0001,1e-05
115,378.632,0.0431636,0.202713,0.000441501,0.175688,0.059552,0.0352691,0.059552,0.81975,0.0397156,0.205038,0.170985,0.0001,1e-05
116,381.993,0.0442235,0.205209,0.00045189,0.166402,0.0650877,0.0444674,0.0650877,0.863875,0.0330412,0.203943,0.141929,0.0001,1e-05
117,385.227,0.0357813,0.198451,0.000441439,0.152642,0.0673851,0.0490627,0.0673851,0.867,0.0413685,0.199923,0.162058,0.0001,1e-05
118,388.374,0.0428133,0.200017,0.000460862,0.16303,0.0679881,0.0450698,0.0679881,0.847,0.0500262,0.203171,0.179529,0.0001,1e-05
119,391.664,0.0392858,0.199053,0.000456232,0.164531,0.0699825,0.0470917,0.0699825,0.82025,0.0358648,0.20611,0.165944,0.0001,1e-05
120,394.805,0.039259,0.201675,0.000456315,0.170023,0.0761581,0.0547012,0.0761581,0.873875,0.0432536,0.202602,0.175555,0.0001,1e-05
121,398.109,0.0405913,0.199826,0.000455402,0.168497,0.0788761,0.0528695,0.0788761,0.78075,0.0591149,0.204925,0.228044,0.0001,1e-05
122,401.324,0.0441696,0.202828,0.000427785,0.192895,0.0820455,0.0571033,0.0820455,0.801875,0.0519936,0.202209,0.210969,0.0001,1e-05
123,404.524,0.0452382,0.206212,0.000446881,0.187702,0.101775,0.0660702,0.101775,0.833375,0.0553459,0.20551,0.190907,0.0001,1e-05
124,407.894,0.0532296,0.195925,0.000452554,0.21253,0.121063,0.0698712,0.121063,0.853375,0.0380555,0.205143,0.156034,0.0001,1e-05
125,411.068,0.039505,0.20074,0.00045393,0.153695,0.107197,0.0537905,0.107197,0.82075,0.0418137,0.203817,0.188422,0.0001,1e-05
126,414.306,0.0357267,0.198554,0.000461575,0.140694,0.102552,0.0625671,0.102552,0.873625,0.0350214,0.201023,0.157788,0.0001,1e-05
127,417.683,0.0602434,0.206816,0.000451355,0.251095,0.0846834,0.0579073,0.0846834,0.845375,0.0427477,0.199222,0.167874,0.0001,1e-05
128,420.996,0.0493829,0.201366,0.000442885,0.178275,0.106017,0.0611417,0.106017,0.82,0.0447424,0.202102,0.175621,0.0001,1e-05
129,424.379,0.0376989,0.202722,0.000460125,0.154957,0.118534,0.0796843,0.118534,0.8605,0.0367907,0.196653,0.14986,0.0001,1e-05
130,427.679,0.0446878,0.200476,0.000460722,0.163788,0.116509,0.0752504,0.116509,0.86625,0.0344776,0.198088,0.150134,0.0001,1e-05
131,430.886,0.0365423,0.201171,0.000468715,0.151864,0.155641,0.0899334,0.155641,0.87875,0.0330738,0.198552,0.133117,0.0001,1e-05
132,434.374,0.0397433,0.203702,0.000425458,0.146964,0.132593,0.0787107,0.132593,0.879,0.0380419,0.200299,0.144505,0.0001,1e-05
133,437.707,0.0334957,0.201885,0.000444639,0.144896,0.114995,0.0589779,0.114995,0.869625,0.0307037,0.205761,0.129201,0.0001,1e-05
134,441.121,0.0499173,0.208804,0.000429051,0.174419,0.0842466,0.0538936,0.0842466,0.887875,0.0320428,0.203497,0.12902,0.0001,1e-05
135,444.368,0.0408485,0.208819,0.000426797,0.150949,0.0795333,0.0534694,0.0795333,0.873375,0.0328971,0.203705,0.140456,0.0001,1e-05
136,447.542,0.0387366,0.208657,0.000454234,0.153079,0.108129,0.0537677,0.108129,0.858875,0.0383681,0.202535,0.163534,0.0001,1e-05
137,450.793,0.0386343,0.205777,0.000464335,0.157816,0.114346,0.0565337,0.114346,0.762875,0.0565969,0.201137,0.231059,0.0001,1e-05
138,454.011,0.052667,0.207943,0.00045522,0.19612,0.112647,0.0746244,0.112647,0.8155,0.0513504,0.202341,0.193554,0.0001,1e-05
139,457.235,0.0365128,0.208057,0.000461527,0.148076,0.0910962,0.0613004,0.0910962,0.887,0.0362476,0.204197,0.155476,0.0001,1e-05
140,460.864,0.0359624,0.202222,0.000410858,0.146646,0.0784004,0.0540853,0.0784004,0.842625,0.0331998,0.205656,0.150985,0.0001,1e-05
141,464.04,0.0337092,0.206376,0.000451624,0.136296,0.116411,0.0563,0.116411,0.8435,0.037614,0.206196,0.155446,0.0001,1e-05
142,467.316,0.0641522,0.203068,0.000435617,0.227855,0.0989314,0.0562237,0.0989314,0.81975,0.0521881,0.203526,0.205265,0.0001,1e-05
143,470.644,0.0475477,0.208282,0.000427441,0.206694,0.113801,0.07191,0.113801,0.846625,0.0374892,0.203552,0.15885,0.0001,1e-05
144,473.973,0.0365355,0.206041,0.000419673,0.146728,0.0982188,0.0697175,0.0982188,0.8685,0.0344757,0.202658,0.140813,0.0001,1e-05
145,477.267,0.0354441,0.196748,0.000408856,0.127979,0.138698,0.0817117,0.138698,0.86225,0.0366465,0.199395,0.149066,0.0001,1e-05
146,480.506,0.0368144,0.202416,0.000393033,0.142655,0.128475,0.0805666,0.128475,0.82325,0.042787,0.197744,0.189801,0.0001,1e-05
147,483.718,0.0390333,0.204545,0.000429036,0.145536,0.122251,0.0872497,0.122251,0.854,0.0397101,0.196823,0.169183,0.0001,1e-05
148,486.883,0.0367221,0.203172,0.00040398,0.152464,0.127037,0.0872689,0.127037,0.80375,0.0436808,0.19998,0.193817,0.0001,1e-05
149,490.176,0.0531512,0.202364,0.000382735,0.164767,0.163011,0.10277,0.163011,0.85375,0.0365496,0.198674,0.152726,0.0001,1e-05
150,493.571,0.053604,0.201794,0.000374243,0.178935,0.155491,0.105895,0.155491,0.871375,0.0316331,0.199632,0.143195,0.0001,1e-05
151,496.893,0.0881086,0.207915,0.00037379,0.185446,0.134024,0.0815057,0.134024,0.784625,0.0469084,0.200313,0.221971,0.0001,1e-05
152,500.285,0.0426753,0.20317,0.000398125,0.179295,0.130469,0.0855618,0.130469,0.8515,0.0321333,0.205327,0.143481,0.0001,1e-05
153,503.625,0.0309079,0.199854,0.000412093,0.123025,0.130179,0.103012,0.130179,0.920875,0.0283625,0.19385,0.120158,0.0001,1e-05
154,506.841,0.031797,0.19902,0.000408209,0.125612,0.127362,0.0929193,0.127362,0.861375,0.035983,0.196821,0.152156,0.0001,1e-05
155,510.122,0.0287006,0.199656,0.000415076,0.125018,0.120341,0.076043,0.120341,0.803875,0.0456196,0.206806,0.185494,0.0001,1e-05
156,513.515,0.0411242,0.201662,0.000400206,0.156948,0.108273,0.0600406,0.108273,0.75275,0.0533723,0.200301,0.242059,0.0001,1e-05
157,516.826,0.0472674,0.195684,0.000403415,0.183059,0.114785,0.0787638,0.114785,0.837875,0.034402,0.20036,0.168079,0.0001,1e-05
158,520.28,0.040716,0.197724,0.000420143,0.156626,0.120724,0.0878498,0.120724,0.829875,0.0390967,0.194737,0.184924,0.0001,1e-05
159,523.479,0.0413496,0.200073,0.000414818,0.167575,0.140702,0.0981832,0.140702,0.821125,0.0543048,0.196985,0.208374,0.0001,1e-05
160,526.865,0.0367915,0.201852,0.000435287,0.141031,0.137708,0.0846698,0.137708,0.8585,0.0423351,0.20282,0.168142,0.0001,1e-05
161,530.112,0.0423272,0.199409,0.000401892,0.17123,0.106068,0.0704713,0.106068,0.863125,0.0360336,0.202346,0.153439,0.0001,1e-05
162,533.44,0.0418685,0.19764,0.000410961,0.160263,0.110316,0.0669113,0.110316,0.83775,0.0404937,0.199561,0.173742,0.0001,1e-05
163,536.768,0.0389763,0.197362,0.000413791,0.155389,0.118561,0.0690134,0.118561,0.82325,0.0424221,0.204476,0.171581,0.0001,1e-05
164,540.079,0.0383821,0.204504,0.000418205,0.162109,0.1048,0.0686847,0.1048,0.867125,0.0330876,0.199809,0.142995,0.0001,1e-05
165,543.499,0.0521328,0.192789,0.000384032,0.151097,0.0981049,0.065815,0.0981049,0.862125,0.047255,0.197318,0.167084,0.0001,1e-05
166,546.752,0.0358064,0.19739,0.000409062,0.140672,0.0967846,0.062181,0.0967846,0.888125,0.0344415,0.199539,0.142326,0.0001,1e-05
167,550.047,0.0348391,0.19806,0.000393738,0.134238,0.116232,0.0702917,0.116232,0.867875,0.0463349,0.196826,0.159522,0.0001,1e-05
168,553.425,0.0388293,0.197897,0.000401601,0.150517,0.110164,0.0776295,0.110164,0.884125,0.0344623,0.197912,0.146831,0.0001,1e-05
169,556.656,0.0280152,0.193729,0.000407535,0.113566,0.0838625,0.0623207,0.0838625,0.885625,0.0332299,0.197433,0.134024,0.0001,1e-05
170,559.905,0.0342637,0.198794,0.000394587,0.130241,0.104562,0.0636248,0.104562,0.852375,0.0349506,0.194075,0.170517,0.0001,1e-05
171,563.49,0.0431794,0.196618,0.000378435,0.16833,0.105394,0.0667875,0.105394,0.86875,0.0419781,0.192639,0.173014,0.0001,1e-05
172,566.766,0.0398517,0.197513,0.000402751,0.152644,0.0855724,0.0635648,0.0855724,0.89125,0.0347592,0.194472,0.145053,0.0001,1e-05
173,570.157,0.0362252,0.194064,0.000406606,0.141727,0.0701785,0.0484102,0.0701785,0.8025,0.0463726,0.202973,0.182271,0.0001,1e-05
174,573.462,0.0383229,0.195417,0.000400263,0.1607,0.0886413,0.0651822,0.0886413,0.871875,0.0383972,0.191437,0.166432,0.0001,1e-05
175,576.701,0.0329194,0.19596,0.00041895,0.138041,0.113493,0.0835923,0.113493,0.89325,0.0323846,0.189636,0.139799,0.0001,1e-05
176,580.088,0.0357797,0.190394,0.000412705,0.142041,0.113603,0.0772715,0.113603,0.894375,0.0314068,0.191738,0.128463,0.0001,1e-05
177,583.201,0.0349299,0.19505,0.000440292,0.132361,0.111991,0.0728069,0.111991,0.892875,0.0383045,0.191185,0.145641,0.0001,1e-05
178,586.56,0.0419252,0.196158,0.000408102,0.154165,0.0871182,0.0650045,0.0871182,0.867375,0.033734,0.194622,0.151502,0.0001,1e-05
179,589.952,0.0643728,0.195043,0.000381658,0.208738,0.109681,0.0690815,0.109681,0.862875,0.0349348,0.19111,0.155215,0.0001,1e-05
180,593.282,0.0414303,0.191313,0.000410238,0.144775,0.108349,0.0729369,0.108349,0.828625,0.0419458,0.199387,0.186305,0.0001,1e-05
181,596.746,0.0425701,0.194312,0.000383541,0.158535,0.106157,0.0516626,0.106157,0.71625,0.0573775,0.202352,0.282361,0.0001,1e-05
182,599.956,0.0484035,0.196943,0.000406383,0.190245,0.107363,0.0813654,0.107363,0.86425,0.0374142,0.196848,0.165266,0.0001,1e-05
183,603.266,0.0361772,0.193879,0.000413695,0.142039,0.106819,0.0803847,0.106819,0.835,0.0398041,0.195358,0.177206,0.0001,1e-05
184,606.675,0.036209,0.196949,0.000402617,0.138961,0.0882812,0.0692602,0.0882812,0.85575,0.0390849,0.198196,0.166623,0.0001,1e-05
185,609.857,0.034471,0.193723,0.000419526,0.136837,0.101682,0.0630628,0.101682,0.86525,0.0423091,0.198672,0.162827,0.0001,1e-05
186,613.27,0.0376267,0.199099,0.000422805,0.1496,0.101483,0.0640701,0.101483,0.866,0.0347259,0.203656,0.158043,0.0001,1e-05
187,616.518,0.0361598,0.198321,0.000397508,0.139449,0.101413,0.0639432,0.101413,0.89925,0.0347552,0.199089,0.142965,0.0001,1e-05
188,619.734,0.0362562,0.195813,0.000396595,0.136344,0.0777224,0.0586118,0.0777224,0.87075,0.0372691,0.19649,0.148191,0.0001,1e-05
189,623.014,0.0361007,0.192689,0.000422061,0.143781,0.0741898,0.0553892,0.0741898,0.842875,0.0397765,0.197233,0.17301,0.0001,1e-05
190,626.145,0.0425913,0.194308,0.000389628,0.163519,0.103009,0.0688603,0.103009,0.875875,0.0319969,0.194383,0.139971,0.0001,1e-05
191,629.508,0.0362156,0.192784,0.000380031,0.140868,0.0892586,0.0716586,0.0892586,0.879875,0.0329123,0.199658,0.136844,0.0001,1e-05
192,632.678,0.0305598,0.195986,0.000397267,0.127515,0.11073,0.0692901,0.11073,0.875875,0.0353818,0.199086,0.147379,0.0001,1e-05
193,635.959,0.0298988,0.200221,0.000382737,0.12144,0.117897,0.0788023,0.117897,0.84225,0.0468299,0.199653,0.174725,0.0001,1e-05
194,639.429,0.0415691,0.194238,0.000372438,0.163354,0.12512,0.0835466,0.12512,0.875875,0.0372993,0.196995,0.139268,0.0001,1e-05
195,642.652,0.0399747,0.19427,0.000403495,0.168579,0.127639,0.0806647,0.127639,0.857875,0.0459607,0.199085,0.1711,0.0001,1e-05
196,645.893,0.0388708,0.204864,0.000402723,0.149614,0.111743,0.0713872,0.111743,0.76575,0.0609412,0.208074,0.241853,0.0001,1e-05
197,649.115,0.0544279,0.203652,0.000373584,0.198071,0.0950752,0.0657673,0.0950752,0.728125,0.0564449,0.20759,0.272983,0.0001,1e-05
198,652.261,0.0396379,0.198777,0.000383868,0.157814,0.0908601,0.062554,0.0908601,0.780375,0.0436053,0.200495,0.205522,0.0001,1e-05
199,655.709,0.0397984,0.193402,0.00036288,0.160373,0.120951,0.0765517,0.120951,0.849375,0.0392781,0.197396,0.178873,0.0001,1e-05
200,658.901,0.0363671,0.19463,0.000398981,0.153963,0.102502,0.0779356,0.102502,0.851625,0.0418012,0.191697,0.163575,1e-05,1e-06
201,662.322,0.0422396,0.195383,0.000383478,0.171758,0.101217,0.0782166,0.101217,0.845125,0.0407892,0.191302,0.16201,1e-05,1e-06
202,665.598,0.0362301,0.191703,0.000389222,0.12798,0.108401,0.0840054,0.108401,0.86025,0.0381674,0.189486,0.168179,1e-05,1e-06
203,668.958,0.0583014,0.193449,0.000354223,0.192093,0.12482,0.0986349,0.12482,0.863125,0.0396904,0.189586,0.170386,1e-05,1e-06
204,672.373,0.0411721,0.190667,0.000363952,0.153622,0.123941,0.0906289,0.123941,0.867125,0.0361349,0.190948,0.15603,1e-05,1e-06
205,675.608,0.0295454,0.189443,0.000371108,0.115937,0.124294,0.0866773,0.124294,0.858875,0.0331667,0.195183,0.150785,1e-05,1e-06
206,678.907,0.0326867,0.195624,0.00037357,0.142742,0.123839,0.0851672,0.123839,0.865125,0.0332385,0.192743,0.150445,1e-05,1e-06
207,682.309,0.0300835,0.189379,0.000384084,0.120495,0.123019,0.0812121,0.123019,0.85975,0.0331655,0.193409,0.148034,1e-05,1e-06
208,685.518,0.0321326,0.198287,0.000397299,0.135492,0.121943,0.0760212,0.121943,0.8495,0.0338174,0.197155,0.155392,1e-05,1e-06
209,689.051,0.0300671,0.191498,0.000351018,0.120778,0.122416,0.0736537,0.122416,0.842125,0.0334149,0.198839,0.156763,1e-05,1e-06
210,692.428,0.0257294,0.193266,0.000368045,0.106961,0.122522,0.0740841,0.122522,0.8495,0.0334314,0.197295,0.153749,1e-05,1e-06
211,695.678,0.0299127,0.195447,0.000401355,0.119718,0.120432,0.076794,0.120432,0.868,0.031136,0.19347,0.146326,1e-05,1e-06
212,699.061,0.0307679,0.192439,0.000362649,0.130749,0.11965,0.0797811,0.11965,0.866,0.0337979,0.193722,0.143333,1e-05,1e-06
213,702.333,0.0231658,0.182251,0.000378149,0.106035,0.118814,0.0826961,0.118814,0.871125,0.0353019,0.191274,0.149726,1e-05,1e-06
214,705.593,0.0294277,0.185731,0.000389207,0.112062,0.118086,0.084769,0.118086,0.87425,0.0352347,0.187707,0.149995,1e-05,1e-06
215,708.862,0.0294478,0.193907,0.00037116,0.110702,0.118249,0.0904442,0.118249,0.869125,0.0344955,0.186749,0.14858,1e-05,1e-06
216,712.136,0.0272606,0.19238,0.000392549,0.104422,0.119173,0.0909927,0.119173,0.862,0.0337172,0.186348,0.150614,1e-05,1e-06
217,715.485,0.0305028,0.188694,0.000385082,0.117243,0.119485,0.0916284,0.119485,0.871125,0.032747,0.186414,0.146501,1e-05,1e-06
218,718.842,0.0311376,0.187545,0.000365943,0.123313,0.120151,0.0864912,0.120151,0.8845,0.0317786,0.188435,0.140893,1e-05,1e-06
219,722.077,0.0366367,0.190788,0.000381065,0.156793,0.121337,0.0875475,0.121337,0.8865,0.0304029,0.190062,0.138172,1e-05,1e-06
220,725.549,0.0274617,0.191777,0.000387113,0.112581,0.119801,0.0836296,0.119801,0.885625,0.0298434,0.191626,0.136426,1e-05,1e-06
221,728.741,0.0311854,0.182893,0.000378675,0.118938,0.11948,0.0841825,0.11948,0.879375,0.0300654,0.194902,0.137916,1e-05,1e-06
222,732.248,0.0299666,0.194235,0.000346059,0.117937,0.119655,0.084417,0.119655,0.87625,0.0340874,0.190542,0.145238,1e-05,1e-06
223,735.49,0.0282164,0.195063,0.00038037,0.106347,0.118736,0.0837999,0.118736,0.8785,0.0331154,0.190976,0.148211,1e-05,1e-06
224,738.768,0.0289622,0.194146,0.000377049,0.110394,0.119394,0.0855538,0.119394,0.885625,0.0327497,0.190941,0.142395,1e-05,1e-06
225,742.181,0.0437174,0.191785,0.000382291,0.127358,0.119692,0.0897872,0.119692,0.879375,0.0314394,0.18991,0.141662,1e-05,1e-06
226,745.498,0.0272532,0.195874,0.000361713,0.109094,0.11897,0.0899435,0.11897,0.88875,0.0305356,0.191049,0.138749,1e-05,1e-06
227,748.879,0.025852,0.188464,0.000364037,0.106724,0.118467,0.0854852,0.118467,0.8825,0.0321878,0.188456,0.141834,1e-05,1e-06
228,752.195,0.0287719,0.18721,0.000378372,0.109799,0.118775,0.0870668,0.118775,0.883625,0.0321892,0.190425,0.144322,1e-05,1e-06
229,755.543,0.0305785,0.185172,0.000360447,0.118569,0.119755,0.0875107,0.119755,0.885625,0.0321189,0.190235,0.147757,1e-05,1e-06
230,759.03,0.0323216,0.192862,0.000373082,0.116883,0.119421,0.0906852,0.119421,0.8845,0.0313471,0.188245,0.143521,1e-05,1e-06
231,762.189,0.028643,0.1863,0.000381235,0.106298,0.120002,0.0946957,0.120002,0.8825,0.0309441,0.190012,0.138214,1e-05,1e-06
232,765.767,0.0309605,0.194803,0.000326772,0.113051,0.120744,0.0915289,0.120744,0.891,0.0313566,0.188662,0.14258,1e-05,1e-06
233,769.106,0.0273125,0.189942,0.000369697,0.10842,0.120741,0.0918304,0.120741,0.889875,0.0323024,0.189859,0.139599,1e-05,1e-06
234,772.307,0.0238132,0.191663,0.00038056,0.10017,0.120293,0.092056,0.120293,0.891875,0.0322058,0.189793,0.136908,1e-05,1e-06
235,775.786,0.0280699,0.192661,0.000361292,0.113742,0.120414,0.0921861,0.120414,0.889875,0.0315757,0.187901,0.137417,1e-05,1e-06
236,779.076,0.0287378,0.18879,0.000361161,0.110395,0.120483,0.0927997,0.120483,0.893,0.0314409,0.188442,0.136688,1e-05,1e-06
237,782.386,0.029399,0.189171,0.000361239,0.121508,0.120619,0.0905971,0.120619,0.891875,0.0318096,0.188682,0.141932,1e-05,1e-06
238,785.887,0.0257352,0.192117,0.000360736,0.106403,0.120347,0.0900945,0.120347,0.88875,0.0317779,0.188465,0.143593,1e-05,1e-06
239,789.163,0.0280107,0.192027,0.000376464,0.11299,0.118831,0.0869053,0.118831,0.900125,0.0318667,0.188989,0.13422,1e-05,1e-06
240,792.389,0.0239714,0.194406,0.000394588,0.0959819,0.101627,0.0821423,0.101627,0.898125,0.0290847,0.190023,0.12582,1e-05,1e-06
241,795.683,0.0260234,0.190306,0.000372882,0.108917,0.101308,0.0812792,0.101308,0.891,0.0297004,0.189912,0.124312,1e-05,1e-06
242,799.019,0.0282267,0.192893,0.000359294,0.109717,0.101939,0.0820379,0.101939,0.89725,0.0315891,0.188151,0.129903,1e-05,1e-06
243,802.286,0.0262257,0.188709,0.000396853,0.115842,0.101668,0.082395,0.101668,0.891875,0.0320963,0.189852,0.134943,1e-05,1e-06
244,805.658,0.0301205,0.189388,0.000367359,0.106235,0.101826,0.082522,0.101826,0.883375,0.0304625,0.189479,0.134325,1e-05,1e-06
245,809.023,0.0279267,0.187748,0.00037096,0.103003,0.10138,0.0822509,0.10138,0.893875,0.0293885,0.18792,0.128331,1e-05,1e-06
246,812.273,0.0246918,0.196254,0.00036227,0.108948,0.10188,0.0849102,0.10188,0.897,0.0290556,0.187048,0.127652,1e-05,1e-06
247,815.441,0.0309318,0.188492,0.000393152,0.105829,0.118651,0.0950444,0.118651,0.902125,0.0288999,0.18662,0.126356,1e-05,1e-06
248,818.817,0.0250009,0.189951,0.000363833,0.10216,0.119064,0.0951958,0.119064,0.899,0.0293437,0.188166,0.130033,1e-05,1e-06
249,822.086,0.0247178,0.187266,0.000370747,0.10264,0.119815,0.0921938,0.119815,0.88875,0.0312374,0.188264,0.136814,1e-05,1e-06
250,825.474,0.0299408,0.182965,0.000365079,0.116128,0.119829,0.0904868,0.119829,0.87425,0.0327578,0.190371,0.147132,1e-05,1e-06
251,828.777,0.033921,0.193895,0.000369686,0.12326,0.120037,0.0818834,0.120037,0.871125,0.0325813,0.190669,0.146517,1e-05,1e-06
252,832.056,0.0318611,0.193331,0.000362629,0.119108,0.12087,0.0819386,0.12087,0.88675,0.030213,0.192399,0.136946,1e-05,1e-06
253,835.491,0.0263266,0.185377,0.000357218,0.0991237,0.121063,0.0846918,0.121063,0.895,0.0271456,0.195059,0.125886,1e-05,1e-06
254,838.662,0.0294451,0.190252,0.000388178,0.106824,0.121272,0.0843354,0.121272,0.90125,0.0280334,0.196356,0.121584,1e-05,1e-06
255,841.997,0.0270304,0.197597,0.000355601,0.0986001,0.120951,0.0844705,0.120951,0.891,0.0264463,0.193857,0.126362,1e-05,1e-06
256,845.359,0.0255285,0.189773,0.000384738,0.104277,0.121252,0.0836529,0.121252,0.896125,0.0272114,0.191344,0.126308,1e-05,1e-06
257,848.584,0.0315065,0.18816,0.000366334,0.112955,0.121598,0.0880371,0.121598,0.895875,0.02696,0.189596,0.127786,1e-05,1e-06
258,851.99,0.0274613,0.187768,0.000358792,0.107246,0.122007,0.0875998,0.122007,0.899,0.0271781,0.192384,0.127727,1e-05,1e-06
259,855.246,0.0271244,0.190503,0.000386167,0.0971646,0.123194,0.0926532,0.123194,0.88875,0.0300188,0.19224,0.133918,1e-05,1e-06
260,858.49,0.0244525,0.19436,0.000387954,0.0974199,0.124815,0.0955713,0.124815,0.899,0.0285758,0.189757,0.126047,1e-05,1e-06
261,861.952,0.0244846,0.191212,0.000375092,0.0971644,0.126423,0.0959377,0.126423,0.89525,0.0317816,0.183991,0.133779,1e-05,1e-06
262,865.125,0.0279199,0.187518,0.000384497,0.107645,0.126946,0.0935987,0.126946,0.881875,0.0344019,0.183566,0.148456,1e-05,1e-06
263,868.405,0.0222229,0.192478,0.000378054,0.0946571,0.126479,0.0933825,0.126479,0.879625,0.0339694,0.184395,0.149373,1e-05,1e-06
264,871.784,0.0270421,0.187438,0.000361682,0.100904,0.126717,0.099018,0.126717,0.88875,0.0308461,0.184711,0.1404,1e-05,1e-06
265,875.043,0.0285392,0.188522,0.00036995,0.111054,0.1267,0.0992137,0.1267,0.899,0.0300588,0.187742,0.128761,1e-05,1e-06
266,878.484,0.0238693,0.186889,0.000353178,0.0902756,0.126434,0.101736,0.126434,0.887625,0.0326984,0.188616,0.142299,1e-05,1e-06
267,881.764,0.021556,0.188802,0.000349755,0.0896524,0.125726,0.103411,0.125726,0.898125,0.0355177,0.186507,0.142043,1e-05,1e-06
268,885.004,0.0250298,0.189233,0.000358773,0.107946,0.125517,0.10672,0.125517,0.89925,0.0345288,0.187521,0.141006,1e-05,1e-06
269,888.548,0.0269607,0.192527,0.000356583,0.101676,0.125624,0.103802,0.125624,0.893,0.0316125,0.18585,0.14111,1e-05,1e-06
270,891.828,0.0318073,0.18758,0.000369544,0.11814,0.126973,0.10471,0.126973,0.889875,0.0307287,0.188289,0.134227,1e-05,1e-06
271,895.152,0.026724,0.18844,0.000374681,0.105005,0.128512,0.104326,0.128512,0.88875,0.0304481,0.188798,0.140182,1e-05,1e-06
272,898.381,0.0260447,0.184702,0.000365987,0.101464,0.128523,0.0995024,0.128523,0.889875,0.0312729,0.187931,0.139091,1e-05,1e-06
273,901.68,0.0274061,0.191148,0.000361561,0.0953067,0.129277,0.103663,0.129277,0.889625,0.0299908,0.189143,0.139214,1e-05,1e-06
274,905.054,0.0293971,0.189085,0.000369721,0.103447,0.13035,0.108039,0.13035,0.88875,0.030512,0.188397,0.132895,1e-05,1e-06
275,908.332,0.0266894,0.184707,0.000377288,0.103029,0.130899,0.108966,0.130899,0.901,0.0291368,0.186256,0.124352,1e-05,1e-06
276,911.765,0.0369861,0.191584,0.000359875,0.137829,0.132033,0.11271,0.132033,0.900125,0.0290362,0.184402,0.12436,1e-05,1e-06
277,914.991,0.0250123,0.186869,0.000367649,0.0990512,0.132681,0.11328,0.132681,0.89275,0.030131,0.184955,0.13016,1e-05,1e-06
278,918.296,0.0304463,0.186158,0.000381007,0.134354,0.133212,0.113769,0.133212,0.891875,0.0303638,0.182423,0.135247,1e-05,1e-06
279,921.714,0.0262,0.18449,0.000356044,0.102923,0.134501,0.114672,0.134501,0.891875,0.0301694,0.181505,0.133238,1e-05,1e-06
280,924.92,0.0265186,0.182934,0.000377284,0.0976627,0.135759,0.119695,0.135759,0.900125,0.0295103,0.182337,0.127873,1e-05,1e-06
281,928.263,0.0248712,0.187428,0.000368209,0.0969498,0.135866,0.116147,0.135866,0.900125,0.0287658,0.183522,0.127663,1e-05,1e-06
282,931.616,0.0255862,0.176158,0.000348627,0.104473,0.134692,0.110377,0.134692,0.901,0.0269624,0.186503,0.123484,1e-05,1e-06
283,934.955,0.028185,0.19065,0.000360242,0.111414,0.133782,0.106695,0.133782,0.89275,0.0290129,0.185976,0.127728,1e-05,1e-06
284,938.354,0.0278436,0.182318,0.000349925,0.107552,0.133863,0.110423,0.133863,0.885625,0.0291568,0.186596,0.12981,1e-05,1e-06
285,941.761,0.0250806,0.186337,0.000355425,0.0987382,0.133312,0.110312,0.133312,0.89275,0.0286122,0.185432,0.130749,1e-05,1e-06
286,945.245,0.0242587,0.185903,0.000346707,0.0972271,0.133143,0.111446,0.133143,0.89275,0.0278847,0.184919,0.130612,1e-05,1e-06
287,948.538,0.0235414,0.187432,0.000367287,0.0983031,0.13255,0.111121,0.13255,0.883375,0.0281775,0.186392,0.129806,1e-05,1e-06
288,951.737,0.0276561,0.177097,0.000369165,0.102626,0.130485,0.107956,0.130485,0.891875,0.0274436,0.186922,0.130867,1e-05,1e-06
289,955.27,0.026163,0.188303,0.000337297,0.105871,0.131162,0.109271,0.131162,0.895875,0.0270889,0.190352,0.124252,1e-05,1e-06
290,958.472,0.0262318,0.188262,0.000367986,0.112097,0.131137,0.113275,0.131137,0.895875,0.0288819,0.18574,0.131657,1e-05,1e-06
291,961.768,0.0232844,0.181525,0.000383224,0.101673,0.130904,0.113353,0.130904,0.895875,0.0309031,0.184827,0.134426,1e-05,1e-06
292,965.243,0.027852,0.185507,0.000365007,0.118567,0.131745,0.110046,0.131745,0.897,0.0295824,0.185973,0.132943,1e-05,1e-06
293,968.576,0.0283165,0.18523,0.000370655,0.107925,0.133532,0.111372,0.133532,0.893875,0.0288756,0.186604,0.127042,1e-05,1e-06
294,971.905,0.0218687,0.186191,0.000386714,0.0883462,0.134367,0.105591,0.134367,0.885625,0.0292935,0.188958,0.131711,1e-05,1e-06
295,975.23,0.0258545,0.179921,0.000373329,0.0946252,0.134231,0.101781,0.134231,0.88875,0.0324121,0.1866,0.136235,1e-05,1e-06
296,978.453,0.027845,0.183182,0.000378029,0.101051,0.134094,0.101617,0.134094,0.88875,0.0303859,0.190618,0.131776,1e-05,1e-06
297,981.897,0.0232618,0.179199,0.000362659,0.0927247,0.134214,0.0988008,0.134214,0.896125,0.0313968,0.189196,0.125453,1e-05,1e-06
298,985.192,0.027449,0.186497,0.000362227,0.108107,0.134674,0.100222,0.134674,0.902125,0.0296979,0.189572,0.122576,1e-05,1e-06
299,988.502,0.0292636,0.179516,0.000358095,0.107292,0.134869,0.101088,0.134869,0.900125,0.0285314,0.188843,0.125891,1e-05,1e-06
300,991.859,0.0266971,0.18804,0.000370162,0.105563,0.13569,0.101989,0.13569,0.898125,0.0280278,0.185714,0.127235,1e-05,1e-06
301,995.002,0.0259157,0.184427,0.000378793,0.099537,0.135952,0.107284,0.135952,0.897,0.0286494,0.183873,0.12119,1e-05,1e-06
302,998.351,0.026055,0.18141,0.000359727,0.101966,0.135912,0.105533,0.135912,0.898125,0.0289863,0.183569,0.12229,1e-05,1e-06
303,1001.52,0.0258117,0.183498,0.00037009,0.102178,0.134914,0.104952,0.134914,0.897,0.028973,0.187022,0.128241,1e-05,1e-06
304,1004.93,0.0276589,0.18113,0.00035159,0.108879,0.13566,0.100213,0.13566,0.894125,0.0293504,0.188966,0.129293,1e-05,1e-06
305,1008.26,0.0294105,0.18672,0.000372647,0.118449,0.135336,0.099258,0.135336,0.893875,0.0304135,0.189102,0.1329,1e-05,1e-06
306,1011.41,0.023602,0.186554,0.000374136,0.0920453,0.135343,0.0989486,0.135343,0.89275,0.0309707,0.189107,0.13386,1e-05,1e-06
307,1014.64,0.0266131,0.185205,0.000364487,0.0967329,0.136345,0.0996765,0.136345,0.88875,0.0317811,0.186581,0.137519,1e-05,1e-06
308,1018.1,0.0229117,0.18598,0.000351752,0.100077,0.136891,0.100162,0.136891,0.901,0.030093,0.1913,0.130729,1e-05,1e-06
309,1021.42,0.0252887,0.181278,0.000350273,0.10384,0.13614,0.0994724,0.13614,0.88875,0.030268,0.194792,0.1259,1e-05,1e-06
310,1024.89,0.0244906,0.185951,0.000353552,0.100955,0.136965,0.103595,0.136965,0.900125,0.030109,0.192736,0.125308,1e-05,1e-06
311,1028.22,0.0249192,0.187286,0.000354669,0.0921496,0.136271,0.104645,0.136271,0.891875,0.0301058,0.191709,0.132236,1e-05,1e-06
312,1031.57,0.0266655,0.179337,0.000376162,0.103845,0.13545,0.10195,0.13545,0.899,0.0303859,0.184843,0.13428,1e-05,1e-06
313,1034.85,0.0249516,0.180341,0.000364726,0.100887,0.135495,0.104687,0.135495,0.89475,0.0298208,0.184294,0.1329,1e-05,1e-06
314,1038.21,0.0252155,0.190164,0.000371877,0.0982624,0.137165,0.108629,0.137165,0.891875,0.0290102,0.182024,0.128275,1e-05,1e-06
315,1041.59,0.0240773,0.181996,0.000359834,0.0967868,0.139305,0.109567,0.139305,0.897,0.0291796,0.183319,0.130329,1e-05,1e-06
316,1044.94,0.0273808,0.183919,0.000354052,0.101959,0.139766,0.11117,0.139766,0.897,0.0293223,0.180895,0.1279,1e-05,1e-06
317,1048.29,0.0279857,0.182594,0.00038496,0.10605,0.14126,0.112023,0.14126,0.896125,0.0308159,0.180169,0.126737,1e-05,1e-06
318,1051.69,0.0267994,0.182643,0.000368534,0.11008,0.140999,0.115193,0.140999,0.9055,0.0313154,0.179749,0.130434,1e-05,1e-06
319,1054.9,0.0226095,0.183174,0.000376843,0.0929752,0.14061,0.116909,0.14061,0.894125,0.0334554,0.181546,0.134713,1e-05,1e-06
320,1058.22,0.0261449,0.178815,0.00035132,0.0976765,0.140233,0.117669,0.140233,0.90125,0.0312367,0.182531,0.126407,1e-05,1e-06
321,1061.6,0.0297469,0.178963,0.000350852,0.119697,0.141231,0.114765,0.141231,0.904125,0.0306244,0.182009,0.126454,1e-05,1e-06
322,1064.78,0.0236985,0.177622,0.000354408,0.0906271,0.143362,0.117108,0.143362,0.901,0.0301885,0.181172,0.125164,1e-05,1e-06
323,1068.09,0.0282754,0.18206,0.000368111,0.104729,0.14471,0.121723,0.14471,0.895,0.0316487,0.180531,0.135292,1e-05,1e-06
324,1071.45,0.0254426,0.185212,0.000345333,0.0954223,0.145725,0.122841,0.145725,0.891,0.0341054,0.17528,0.145051,1e-05,1e-06
325,1074.75,0.0264342,0.184674,0.000379946,0.106012,0.146904,0.122871,0.146904,0.885875,0.0345331,0.177453,0.140085,1e-05,1e-06
326,1078.13,0.0243764,0.18262,0.000359063,0.0964079,0.145999,0.117483,0.145999,0.90125,0.0336282,0.179485,0.135197,1e-05,1e-06
327,1081.42,0.0261233,0.184878,0.000363552,0.099503,0.147005,0.119645,0.147005,0.893625,0.0310865,0.18195,0.136686,1e-05,1e-06
328,1084.86,0.0251837,0.180271,0.000355967,0.0938259,0.147036,0.116297,0.147036,0.90075,0.0281534,0.181427,0.129948,1e-05,1e-06
329,1087.96,0.0274637,0.174561,0.000384458,0.10076,0.147886,0.113318,0.147886,0.895625,0.0286373,0.181426,0.131496,1e-05,1e-06
330,1091.26,0.0275585,0.175321,0.000351785,0.0972191,0.148214,0.113129,0.148214,0.89475,0.0295671,0.181231,0.138386,1e-05,1e-06
331,1094.67,0.0260428,0.177833,0.000349887,0.110274,0.147746,0.109832,0.147746,0.8845,0.0316245,0.176666,0.146628,1e-05,1e-06
332,1097.98,0.0260752,0.183897,0.000361048,0.105898,0.150725,0.113408,0.150725,0.885625,0.0336413,0.178434,0.146881,1e-05,1e-06
333,1101.35,0.0300453,0.177883,0.000368412,0.117809,0.152548,0.118262,0.152548,0.885625,0.0316754,0.178502,0.139269,1e-05,1e-06
334,1104.65,0.0254986,0.179428,0.000359554,0.101636,0.154698,0.124027,0.154698,0.891875,0.0303692,0.179289,0.132637,1e-05,1e-06
335,1107.84,0.0246661,0.183504,0.000378905,0.102573,0.15456,0.12428,0.15456,0.889625,0.0321087,0.176871,0.139206,1e-05,1e-06
336,1111.19,0.0270727,0.178074,0.000351164,0.104595,0.154602,0.124662,0.154602,0.8865,0.0316421,0.177097,0.139816,1e-05,1e-06
337,1114.56,0.0264864,0.180215,0.000352481,0.101292,0.155019,0.127739,0.155019,0.8865,0.0328181,0.178481,0.140129,1e-05,1e-06
338,1117.75,0.0264951,0.177283,0.000366723,0.10204,0.156078,0.128975,0.156078,0.89275,0.0319539,0.178284,0.140726,1e-05,1e-06
339,1121.21,0.0236309,0.177866,0.000370235,0.0876892,0.157938,0.126845,0.157938,0.891,0.0323335,0.177248,0.13533,1e-05,1e-06
340,1124.36,0.0246926,0.183976,0.00038385,0.10852,0.158198,0.126763,0.158198,0.90325,0.0308528,0.179016,0.128978,1e-05,1e-06
341,1127.76,0.0279908,0.184519,0.000372466,0.102861,0.158572,0.121923,0.158572,0.90125,0.0277505,0.184798,0.123158,1e-05,1e-06
342,1131.16,0.0299906,0.177681,0.000349305,0.116476,0.157342,0.121825,0.157342,0.898125,0.0257086,0.18644,0.117393,1e-05,1e-06
343,1134.41,0.0294044,0.18155,0.000360033,0.112829,0.157413,0.125942,0.157413,0.9095,0.0288392,0.183766,0.125115,1e-05,1e-06
344,1137.79,0.0279761,0.176875,0.000378952,0.104714,0.158977,0.128395,0.158977,0.899,0.0315392,0.180037,0.132841,1e-05,1e-06
345,1141.06,0.0283749,0.172556,0.000351639,0.104374,0.16223,0.130907,0.16223,0.89075,0.0324379,0.18326,0.13126,1e-05,1e-06
346,1144.44,0.0283115,0.173959,0.000348468,0.105096,0.16264,0.132643,0.16264,0.89475,0.0291803,0.18137,0.128929,1e-05,1e-06
347,1147.7,0.0248322,0.179226,0.000369745,0.0987645,0.164033,0.137439,0.164033,0.901,0.0294317,0.177292,0.126124,1e-05,1e-06
348,1150.98,0.0288235,0.175149,0.000372717,0.115279,0.166632,0.135396,0.166632,0.9075,0.0277031,0.180236,0.122926,1e-05,1e-06
349,1154.35,0.0229939,0.177404,0.000351286,0.0980429,0.166934,0.134669,0.166934,0.906375,0.0286967,0.177506,0.122508,1e-05,1e-06
350,1157.65,0.0258523,0.177987,0.000340132,0.0992879,0.166748,0.132575,0.166748,0.902125,0.0312593,0.17924,0.128637,1e-05,1e-06
351,1160.88,0.0274047,0.180261,0.000372051,0.109651,0.167415,0.130357,0.167415,0.908125,0.031349,0.183881,0.124936,1e-05,1e-06
352,1164.14,0.0304292,0.178394,0.000378577,0.10543,0.169262,0.133282,0.169262,0.904125,0.0299318,0.182491,0.125424,1e-05,1e-06
353,1167.34,0.0234683,0.181442,0.000372904,0.10023,0.170461,0.138867,0.170461,0.897,0.0290074,0.177041,0.128874,1e-05,1e-06
354,1170.63,0.0265511,0.181556,0.000379366,0.103966,0.172023,0.143165,0.172023,0.89275,0.0273572,0.185189,0.12054,1e-05,1e-06
355,1173.92,0.0272185,0.17311,0.000361508,0.0989162,0.173163,0.144461,0.173163,0.903,0.0296952,0.182884,0.126826,1e-05,1e-06
356,1177.18,0.0284176,0.173559,0.000353058,0.109588,0.173509,0.144395,0.173509,0.901,0.0294277,0.181548,0.124355,1e-05,1e-06
357,1180.53,0.0249348,0.178057,0.000365978,0.0967594,0.172001,0.141102,0.172001,0.9155,0.0287652,0.177652,0.123115,1e-05,1e-06
358,1183.83,0.0260298,0.173483,0.000343145,0.0955692,0.175591,0.140996,0.175591,0.9095,0.0285319,0.173968,0.122631,1e-05,1e-06
359,1187.29,0.0284685,0.168037,0.000342433,0.105811,0.177364,0.144504,0.177364,0.895,0.0311476,0.172657,0.129871,1e-05,1e-06
360,1190.69,0.0332202,0.176651,0.000322,0.136102,0.178162,0.14825,0.178162,0.899,0.0330368,0.173171,0.127377,1e-05,1e-06
361,1193.99,0.0268684,0.170553,0.000362619,0.0961765,0.178848,0.150816,0.178848,0.908375,0.0337387,0.171463,0.128479,1e-05,1e-06
362,1197.26,0.0255709,0.17775,0.000377358,0.0973451,0.179992,0.153336,0.179992,0.898125,0.0330639,0.173172,0.12731,1e-05,1e-06
363,1200.64,0.0263618,0.173973,0.000363535,0.101125,0.181424,0.154598,0.181424,0.896125,0.0323916,0.171009,0.132375,1e-05,1e-06
364,1203.97,0.0386894,0.168506,0.000361057,0.150186,0.181435,0.154892,0.181435,0.902125,0.0305524,0.171871,0.130035,1e-05,1e-06
365,1207.31,0.0296743,0.175139,0.000344205,0.114436,0.180543,0.150313,0.180543,0.897875,0.0300929,0.173318,0.125076,1e-05,1e-06
366,1210.63,0.0261059,0.175254,0.000351443,0.0966909,0.180072,0.150625,0.180072,0.902125,0.0300431,0.174767,0.124509,1e-05,1e-06
367,1214.09,0.0307375,0.174879,0.000358516,0.113069,0.179432,0.149069,0.179432,0.8845,0.0317645,0.172811,0.137713,1e-05,1e-06
368,1217.29,0.0282472,0.173144,0.000373391,0.107096,0.180034,0.147831,0.180034,0.88025,0.0343262,0.171894,0.146908,1e-05,1e-06
369,1220.66,0.0327426,0.173146,0.000356843,0.106802,0.181222,0.147849,0.181222,0.883375,0.0327504,0.175748,0.145906,1e-05,1e-06
370,1223.95,0.0257486,0.169665,0.000361862,0.101842,0.181709,0.149511,0.181709,0.895875,0.0322691,0.171541,0.141596,1e-05,1e-06
371,1227.28,0.0262814,0.173331,0.000360809,0.102112,0.182604,0.147887,0.182604,0.904375,0.0319438,0.175299,0.131584,1e-05,1e-06
372,1230.57,0.0304873,0.173421,0.000361793,0.107926,0.183185,0.148286,0.183185,0.9095,0.0319588,0.174333,0.128597,1e-05,1e-06
373,1233.99,0.0347521,0.178503,0.000338719,0.121823,0.182703,0.150787,0.182703,0.90525,0.0317977,0.171821,0.132517,1e-05,1e-06
374,1237.29,0.0262105,0.174585,0.00034914,0.104587,0.185383,0.152653,0.185383,0.899,0.0309993,0.172136,0.133014,1e-05,1e-06
375,1240.81,0.0294329,0.172214,0.000354826,0.106467,0.186955,0.157501,0.186955,0.89675,0.0304649,0.178172,0.134037,1e-05,1e-06
376,1243.99,0.0309018,0.160093,0.00036119,0.104332,0.189659,0.156356,0.189659,0.895875,0.0318478,0.178263,0.136516,1e-05,1e-06
377,1247.46,0.0239242,0.172895,0.000352993,0.103658,0.191957,0.156214,0.191957,0.904125,0.0293618,0.173408,0.130239,1e-05,1e-06
378,1250.71,0.0305705,0.16827,0.000344113,0.111165,0.194237,0.158358,0.194237,0.902125,0.0273889,0.175829,0.123116,1e-05,1e-06
379,1254.07,0.0294113,0.164607,0.000356523,0.10963,0.194134,0.158359,0.194134,0.903,0.0295859,0.1721,0.12214,1e-05,1e-06
380,1257.41,0.029964,0.170569,0.000357432,0.113784,0.194957,0.154195,0.194957,0.88875,0.0325969,0.1697,0.135996,1e-05,1e-06
381,1260.64,0.0290694,0.166982,0.00037189,0.108995,0.19957,0.160489,0.19957,0.889625,0.0336694,0.168657,0.141856,1e-05,1e-06
382,1264.06,0.0293616,0.166273,0.000352113,0.105322,0.204709,0.163839,0.204709,0.88875,0.0330404,0.166403,0.142759,1e-05,1e-06
383,1267.78,0.0290368,0.162623,0.000333184,0.105943,0.209178,0.166901,0.209178,0.891625,0.0315232,0.169791,0.136662,1e-05,1e-06
384,1271.04,0.0249164,0.167391,0.000352812,0.0982814,0.208234,0.16561,0.208234,0.891875,0.0336154,0.169427,0.142303,1e-05,1e-06
385,1274.39,0.0327393,0.167712,0.000353584,0.115647,0.207422,0.168747,0.207422,0.887875,0.0347464,0.173607,0.140303,1e-05,1e-06
386,1277.72,0.0270231,0.168075,0.000347401,0.103345,0.207871,0.166131,0.207871,0.889875,0.0338413,0.170804,0.140174,1e-05,1e-06
387,1281.05,0.0273229,0.160542,0.000356132,0.106542,0.211126,0.166951,0.211126,0.8845,0.0353305,0.165571,0.149024,1e-05,1e-06
388,1284.48,0.0291933,0.164792,0.000337265,0.111149,0.21952,0.172333,0.21952,0.899,0.0314007,0.175313,0.136622,1e-05,1e-06
389,1287.81,0.0258838,0.1648,0.000368142,0.107088,0.218337,0.162793,0.218337,0.88675,0.0306819,0.176155,0.133635,1e-05,1e-06
390,1291.11,0.0284713,0.167589,0.00035904,0.107113,0.21924,0.167517,0.21924,0.895875,0.0344353,0.166627,0.144931,1e-05,1e-06
391,1294.49,0.0318313,0.160078,0.000363072,0.123093,0.23177,0.178025,0.23177,0.910375,0.0347243,0.163754,0.144512,1e-05,1e-06
392,1297.73,0.0358865,0.169263,0.000356412,0.130021,0.232351,0.181052,0.232351,0.910375,0.0346344,0.161108,0.143684,1e-05,1e-06
393,1301.16,0.0328098,0.160654,0.000357663,0.117044,0.23804,0.193292,0.23804,0.891875,0.0337904,0.160297,0.14539,1e-05,1e-06
394,1304.5,0.0297766,0.169681,0.000348593,0.11053,0.237463,0.194234,0.237463,0.891875,0.0341795,0.164606,0.13672,1e-05,1e-06
395,1307.9,0.0264128,0.159238,0.000344846,0.105418,0.244912,0.205294,0.244912,0.887625,0.0352167,0.159393,0.149023,1e-05,1e-06
396,1311.17,0.0331499,0.165695,0.00038729,0.115111,0.245058,0.206759,0.245058,0.885625,0.0343737,0.162343,0.146549,1e-05,1e-06
397,1314.49,0.0302144,0.160136,0.000345479,0.123873,0.246459,0.203906,0.246459,0.891875,0.0345299,0.163192,0.143129,1e-05,1e-06
398,1318.02,0.0292191,0.163782,0.000325167,0.100222,0.244479,0.200528,0.244479,0.88875,0.0351577,0.163432,0.138482,1e-05,1e-06
399,1321.33,0.0302571,0.160453,0.000343619,0.110438,0.24662,0.201487,0.24662,0.902375,0.0360025,0.160449,0.140272,1e-05,1e-06
400,1324.67,0.0291975,0.159976,0.000338245,0.106132,0.240227,0.196521,0.240227,0.902125,0.0352507,0.160688,0.144631,1e-06,1e-07
