epoch,time,train/loss_bbox,train/loss_ce,train/loss_continuity_2d,train/loss_giou,metrics/mAP50(B),metrics/mAP50-95(B),metrics/precision(B),metrics/recall(B),val/loss_bbox,val/loss_ce,val/loss_giou,lr/pg0,lr/pg1
1,3.65723,2.30208,2.49823,0.0144959,1.69933,0,0,0,0,0.285965,1.76191,0.816674,0.0001,1e-05
2,6.86898,0.348943,1.68611,0.0134485,0.921601,0,0,0,0,0.221029,1.34774,0.775953,0.0001,1e-05
3,10.1179,0.193792,1.1643,0.0123752,0.647389,0.00183876,0.000727946,0.00183876,0.025,0.175969,0.764965,0.640283,0.0001,1e-05
4,13.2694,0.161506,0.662357,0.0111587,0.545927,0.00101922,0.00050961,0.00101922,0.015625,0.132324,0.448189,0.474612,0.0001,1e-05
5,16.535,0.177733,0.435345,0.00975875,0.534715,0,0,0,0,0.120524,0.371098,0.453271,0.0001,1e-05
6,19.5358,0.141168,0.354163,0.00885868,0.444301,0.00245369,0.00135761,0.00245369,0.0375,0.100224,0.355717,0.356268,0.0001,1e-05
7,22.7819,0.0922254,0.3401,0.00770193,0.348206,0.00292687,0.00126914,0.00292687,0.04375,0.0818433,0.348488,0.29591,0.0001,1e-05
8,25.7976,0.0824959,0.337726,0.0072162,0.292115,0.00407754,0.00228953,0.00407754,0.096875,0.06598,0.336764,0.242612,0.0001,1e-05
9,29.0327,0.0775356,0.331955,0.00596989,0.275196,0.0100218,0.00597592,0.0100218,0.256625,0.0542877,0.331656,0.205875,0.0001,1e-05
10,32.2332,0.0792094,0.323004,0.00558421,0.268159,0.00528455,0.00106118,0.00528455,0.119125,0.148911,0.329745,0.540364,0.0001,1e-05
11,35.4946,0.110462,0.315531,0.00505559,0.395798,0.0233458,0.00769871,0.0233458,0.463,0.0804087,0.319006,0.333713,0.0001,1e-05
12,38.7623,0.0704672,0.308592,0.00480254,0.254068,0.0392894,0.0270017,0.0392894,0.6725,0.0590708,0.307346,0.217132,0.0001,1e-05
13,41.9687,0.0724691,0.301619,0.00447664,0.278103,0.0373845,0.0209698,0.0373845,0.586875,0.0737982,0.297826,0.327177,0.0001,1e-05
14,45.1633,0.0694364,0.28521,0.00402853,0.276359,0.0377548,0.0248083,0.0377548,0.62875,0.0776503,0.29263,0.286666,0.0001,1e-05
15,48.4277,0.0778184,0.284995,0.00417732,0.32038,0.0360109,0.0263019,0.0360109,0.591125,0.0949629,0.286338,0.357277,0.0001,1e-05
16,51.594,0.0671443,0.279086,0.00408227,0.27841,0.0358634,0.0140642,0.0358634,0.71575,0.0556645,0.281209,0.247875,0.0001,1e-05
17,54.9679,0.0687971,0.281282,0.00372666,0.254314,0.0101042,0.00518811,0.0101042,0.534625,0.0737209,0.279177,0.307102,0.0001,1e-05
18,58.3555,0.0758877,0.274192,0.00346567,0.300662,0.010354,0.00582238,0.010354,0.573375,0.0572464,0.272976,0.2477,0.0001,1e-05
19,61.5777,0.0511116,0.272284,0.00346364,0.20955,0.0130136,0.00674162,0.0130136,0.51775,0.0563784,0.266878,0.214002,0.0001,1e-05
20,64.7193,0.05087,0.260212,0.00351301,0.190215,0.0146291,0.00744713,0.0146291,0.5075,0.0558132,0.261392,0.218156,0.0001,1e-05
21,67.9484,0.0683764,0.264841,0.00330489,0.246799,0.0117456,0.0059115,0.0117456,0.45125,0.0812696,0.258109,0.29129,0.0001,1e-05
22,71.2347,0.0669287,0.260195,0.00307526,0.261202,0.0175049,0.0109668,0.0175049,0.55825,0.0605258,0.25393,0.238814,0.0001,1e-05
23,74.5511,0.0505596,0.247861,0.00314313,0.205758,0.0327373,0.0186229,0.0327373,0.57025,0.0511838,0.249781,0.226648,0.0001,1e-05
24,77.732,0.0475949,0.24653,0.0031859,0.18844,0.0320236,0.0135235,0.0320236,0.523625,0.0658558,0.248955,0.274541,0.0001,1e-05
25,81.0354,0.0687162,0.246838,0.00301222,0.270939,0.064587,0.0301197,0.064587,0.653875,0.0458423,0.243263,0.189096,0.0001,1e-05
26,84.2281,0.0503626,0.245986,0.00304285,0.197681,0.0713718,0.0365369,0.0713718,0.65475,0.0528012,0.241448,0.250346,0.0001,1e-05
27,87.3881,0.0497673,0.243173,0.00304417,0.193035,0.0873602,0.049808,0.0873602,0.6905,0.0476421,0.24163,0.207811,0.0001,1e-05
28,90.5985,0.0494848,0.244473,0.00297812,0.210255,0.061216,0.0369988,0.061216,0.492375,0.0840353,0.241134,0.363898,0.0001,1e-05
29,93.8399,0.0623612,0.245991,0.00291268,0.258663,0.0701446,0.0512965,0.0701446,0.633375,0.0543396,0.237118,0.237255,0.0001,1e-05
30,97.2155,0.0482127,0.236325,0.00284687,0.19131,0.088255,0.0536661,0.088255,0.637375,0.0479537,0.239562,0.204949,0.0001,1e-05
31,100.427,0.0475369,0.240101,0.00277104,0.196437,0.0911856,0.0537031,0.0911856,0.728625,0.0468969,0.233543,0.194145,0.0001,1e-05
32,103.612,0.0572016,0.239076,0.00261959,0.206016,0.0755731,0.0489377,0.0755731,0.735625,0.0419438,0.232365,0.188822,0.0001,1e-05
33,106.865,0.0444807,0.234531,0.00277851,0.189747,0.100906,0.0701798,0.100906,0.801875,0.0357396,0.230876,0.149482,0.0001,1e-05
34,110.082,0.0588899,0.232622,0.0025971,0.245297,0.107604,0.0749861,0.107604,0.787375,0.0494542,0.232106,0.207146,0.0001,1e-05
35,113.391,0.0604743,0.231825,0.00257392,0.240253,0.0931235,0.0616754,0.0931235,0.8505,0.0394909,0.229845,0.164092,0.0001,1e-05
36,116.591,0.0471041,0.232347,0.00248271,0.172169,0.075465,0.0473641,0.075465,0.81625,0.0516259,0.229596,0.202666,0.0001,1e-05
37,119.857,0.0611943,0.23087,0.00249841,0.213257,0.0751277,0.0485618,0.0751277,0.822125,0.0447683,0.225365,0.187213,0.0001,1e-05
38,123.097,0.108861,0.227294,0.00246178,0.267235,0.097693,0.0497361,0.097693,0.801125,0.053963,0.224654,0.205474,0.0001,1e-05
39,126.343,0.071146,0.230048,0.0024848,0.27338,0.0774249,0.050524,0.0774249,0.73725,0.0666775,0.226704,0.265752,0.0001,1e-05
40,129.547,0.0643844,0.229101,0.00242628,0.23961,0.0981615,0.0593465,0.0981615,0.823125,0.0501122,0.225205,0.200225,0.0001,1e-05
41,132.848,0.0599279,0.23075,0.00244477,0.221171,0.0941952,0.0627405,0.0941952,0.81825,0.0516023,0.22368,0.20431,0.0001,1e-05
42,136.13,0.0576748,0.224938,0.00238272,0.218048,0.0873204,0.0596617,0.0873204,0.702875,0.0628033,0.23342,0.278601,0.0001,1e-05
43,139.369,0.143402,0.226775,0.00240126,0.331879,0.0885783,0.0537768,0.0885783,0.765875,0.0554272,0.224709,0.225626,0.0001,1e-05
44,142.654,0.0486913,0.228553,0.00221229,0.19916,0.0904884,0.0606658,0.0904884,0.8095,0.0474523,0.222452,0.197066,0.0001,1e-05
45,145.936,0.0479712,0.226093,0.00227451,0.205919,0.0922101,0.0586336,0.0922101,0.832,0.042352,0.218399,0.175304,0.0001,1e-05
46,149.276,0.044529,0.227389,0.00235355,0.179573,0.10077,0.0516963,0.10077,0.851375,0.040385,0.22406,0.151484,0.0001,1e-05
47,152.448,0.0549287,0.225845,0.00223031,0.195469,0.0655405,0.0460765,0.0655405,0.847375,0.0458385,0.220297,0.179679,0.0001,1e-05
48,155.758,0.0509465,0.225582,0.00224075,0.177788,0.0750241,0.0453504,0.0750241,0.83325,0.0392153,0.21989,0.174386,0.0001,1e-05
49,158.936,0.0433388,0.225052,0.00218485,0.163268,0.0975273,0.0344518,0.0975273,0.776625,0.0446325,0.221952,0.206428,0.0001,1e-05
50,162.128,0.0449252,0.2237,0.00220297,0.189159,0.0972489,0.0512599,0.0972489,0.80775,0.0465533,0.222842,0.194353,0.0001,1e-05
51,165.44,0.0515157,0.226218,0.00204744,0.188527,0.109457,0.0451912,0.109457,0.79375,0.048884,0.218402,0.186543,0.0001,1e-05
52,168.614,0.0389588,0.218145,0.00225726,0.157731,0.106487,0.0582418,0.106487,0.849625,0.0390016,0.21644,0.163383,0.0001,1e-05
53,171.915,0.0438011,0.218242,0.00210135,0.17528,0.108308,0.0616102,0.108308,0.858125,0.0412835,0.215874,0.169394,0.0001,1e-05
54,175.063,0.10348,0.221962,0.00207428,0.250867,0.0657641,0.0461573,0.0657641,0.8,0.0466987,0.212523,0.204642,0.0001,1e-05
55,178.437,0.0751688,0.222995,0.00189561,0.242388,0.0725257,0.0504608,0.0725257,0.855875,0.0417106,0.216438,0.153593,0.0001,1e-05
56,181.752,0.0466913,0.220005,0.00211602,0.179782,0.0818039,0.0515055,0.0818039,0.775625,0.0531045,0.215401,0.229357,0.0001,1e-05
57,184.9,0.044784,0.21864,0.00204045,0.1723,0.121033,0.0746175,0.121033,0.832,0.0424707,0.213289,0.180639,0.0001,1e-05
58,188.184,0.0410115,0.215128,0.00201252,0.157019,0.117772,0.0772402,0.117772,0.828625,0.0437927,0.220105,0.170137,0.0001,1e-05
59,191.456,0.0462002,0.222822,0.0021296,0.194316,0.108853,0.0578166,0.108853,0.824,0.0478968,0.222739,0.184665,0.0001,1e-05
60,194.572,0.0508781,0.215997,0.00212812,0.211625,0.0837263,0.0422483,0.0837263,0.724875,0.0596042,0.213489,0.265456,0.0001,1e-05
61,197.877,0.125568,0.21934,0.00200324,0.266175,0.116286,0.0760937,0.116286,0.811125,0.0574134,0.217178,0.202681,0.0001,1e-05
62,201.15,0.0996906,0.221957,0.00192173,0.228122,0.154494,0.10014,0.154494,0.810625,0.0597698,0.21447,0.209005,0.0001,1e-05
63,204.364,0.043096,0.218566,0.00207136,0.160426,0.13471,0.0898718,0.13471,0.826875,0.0426363,0.214093,0.165531,0.0001,1e-05
64,207.78,0.0698019,0.215721,0.00198272,0.196313,0.130918,0.0889969,0.130918,0.800625,0.0492237,0.213164,0.199715,0.0001,1e-05
65,211.009,0.0511134,0.215324,0.00198066,0.189899,0.135186,0.0860912,0.135186,0.810375,0.0539957,0.21909,0.203498,0.0001,1e-05
66,214.514,0.0423385,0.21647,0.00187288,0.169572,0.128592,0.076326,0.128592,0.86225,0.0383551,0.213916,0.170571,0.0001,1e-05
67,217.741,0.055033,0.218386,0.00200929,0.208305,0.118153,0.0655981,0.118153,0.808375,0.0485758,0.215435,0.202751,0.0001,1e-05
68,220.925,0.0446709,0.218279,0.00190824,0.178237,0.147565,0.0803579,0.147565,0.81375,0.0534377,0.215713,0.190116,0.0001,1e-05
69,224.188,0.0485644,0.215276,0.0020314,0.205035,0.137889,0.0656431,0.137889,0.73175,0.0595767,0.212194,0.250853,0.0001,1e-05
70,227.429,0.043385,0.214867,0.00199548,0.18285,0.13923,0.0818723,0.13923,0.77025,0.0516979,0.213163,0.219759,0.0001,1e-05
71,230.659,0.0410252,0.215181,0.0018345,0.166953,0.135739,0.0886515,0.135739,0.793875,0.0488257,0.21744,0.186596,0.0001,1e-05
72,233.996,0.0527447,0.218232,0.00184077,0.209734,0.105059,0.0644288,0.105059,0.72675,0.0537941,0.219185,0.242996,0.0001,1e-05
73,237.225,0.0413271,0.215293,0.00176013,0.165615,0.0897709,0.0694628,0.0897709,0.7995,0.0418826,0.208435,0.207907,0.0001,1e-05
74,240.597,0.0439903,0.212532,0.00171552,0.179213,0.106995,0.0742538,0.106995,0.83,0.0490083,0.208185,0.185101,0.0001,1e-05
75,243.689,0.0477843,0.215579,0.00181539,0.179357,0.134847,0.0813129,0.134847,0.831125,0.0448808,0.21008,0.183523,0.0001,1e-05
76,246.974,0.0560018,0.217681,0.00169715,0.205102,0.183726,0.114059,0.183726,0.829125,0.0452622,0.211394,0.179629,0.0001,1e-05
77,250.196,0.042001,0.21553,0.00175967,0.161989,0.15957,0.0920698,0.15957,0.841625,0.0446778,0.209792,0.175995,0.0001,1e-05
78,253.276,0.0426422,0.210052,0.00183225,0.153353,0.11757,0.0642127,0.11757,0.861,0.0396978,0.209232,0.159004,0.0001,1e-05
79,256.686,0.0475805,0.206252,0.00168934,0.176756,0.0840963,0.0593525,0.0840963,0.855125,0.0414274,0.209944,0.163424,0.0001,1e-05
80,259.87,0.0373069,0.2102,0.00183164,0.161194,0.093447,0.0585197,0.093447,0.70975,0.0633432,0.212993,0.256634,0.0001,1e-05
81,263.081,0.125297,0.214634,0.00180758,0.253349,0.0893711,0.0597439,0.0893711,0.781375,0.0518324,0.210059,0.217068,0.0001,1e-05
82,266.387,0.061437,0.211817,0.00176562,0.205516,0.093982,0.0648933,0.093982,0.77075,0.0586289,0.215387,0.208078,0.0001,1e-05
83,269.529,0.069043,0.214524,0.00177536,0.213119,0.104466,0.0788942,0.104466,0.7845,0.0550999,0.21337,0.210375,0.0001,1e-05
84,272.788,0.0418755,0.212976,0.00173525,0.160435,0.105201,0.0719872,0.105201,0.80975,0.0501675,0.215923,0.187813,0.0001,1e-05
85,276.138,0.0501645,0.213176,0.00166856,0.176267,0.0917351,0.0594701,0.0917351,0.839,0.0531346,0.211513,0.191388,0.0001,1e-05
86,279.479,0.050203,0.218937,0.00167295,0.167176,0.0946158,0.0582878,0.0946158,0.794375,0.0608425,0.212516,0.217147,0.0001,1e-05
87,282.776,0.0465515,0.213294,0.00185106,0.190137,0.080705,0.0568654,0.080705,0.793,0.0562156,0.211517,0.204299,0.0001,1e-05
88,286.062,0.0395915,0.211862,0.00177522,0.157712,0.0936083,0.0654621,0.0936083,0.88925,0.0332485,0.209509,0.137778,0.0001,1e-05
89,289.284,0.0477239,0.207685,0.00176784,0.18187,0.105786,0.0724222,0.105786,0.86025,0.0416857,0.206898,0.169023,0.0001,1e-05
90,292.655,0.0422827,0.207723,0.00170562,0.158234,0.0830158,0.0527278,0.0830158,0.857625,0.0421891,0.209113,0.162037,0.0001,1e-05
91,295.959,0.0394062,0.213009,0.00172634,0.156047,0.0699642,0.0446715,0.0699642,0.828,0.0429986,0.208899,0.175208,0.0001,1e-05
92,299.325,0.0474038,0.210305,0.00168375,0.182119,0.0779199,0.0503693,0.0779199,0.79275,0.0515213,0.208869,0.206195,0.0001,1e-05
93,302.48,0.0507955,0.212697,0.00181265,0.19127,0.0807461,0.050857,0.0807461,0.839875,0.0428275,0.207493,0.171625,0.0001,1e-05
94,305.771,0.0445503,0.209757,0.00177487,0.171567,0.0811672,0.05845,0.0811672,0.841125,0.0505189,0.207138,0.188376,0.0001,1e-05
95,309.024,0.0848381,0.208456,0.00172958,0.24343,0.0765224,0.0576118,0.0765224,0.869875,0.0410837,0.206588,0.162378,0.0001,1e-05
96,312.32,0.0397102,0.199133,0.00173713,0.154014,0.0807109,0.0580005,0.0807109,0.877,0.0404702,0.206686,0.152126,0.0001,1e-05
97,315.562,0.0387332,0.206343,0.00182156,0.153264,0.0814609,0.0571772,0.0814609,0.873875,0.0347414,0.208382,0.147784,0.0001,1e-05
98,318.742,0.0369666,0.207676,0.00174783,0.149257,0.102022,0.0662961,0.102022,0.836875,0.044051,0.207171,0.184432,0.0001,1e-05
99,322.057,0.0399607,0.213071,0.00171238,0.155637,0.0830424,0.0534534,0.0830424,0.766125,0.0596496,0.211633,0.2529,0.0001,1e-05
100,325.33,0.0430021,0.212933,0.00178867,0.194309,0.0827501,0.0543482,0.0827501,0.816875,0.0490947,0.20717,0.202692,0.0001,1e-05
101,328.619,0.0447628,0.205594,0.00160962,0.172777,0.0741197,0.0529167,0.0741197,0.822125,0.0453129,0.207541,0.200551,0.0001,1e-05
102,331.842,0.0372126,0.207198,0.00160426,0.158471,0.0907598,0.0546316,0.0907598,0.850875,0.0368564,0.207821,0.16461,0.0001,1e-05
103,335.34,0.0354694,0.208739,0.00154681,0.1334,0.0845956,0.0544101,0.0845956,0.857375,0.0369587,0.205397,0.156501,0.0001,1e-05
104,338.556,0.0499862,0.207952,0.00165686,0.18658,0.08221,0.0445643,0.08221,0.84375,0.0420838,0.206461,0.17209,0.0001,1e-05
105,342.011,0.0393654,0.206973,0.00147168,0.167305,0.0527404,0.0367512,0.0527404,0.832125,0.0311909,0.205992,0.1564,0.0001,1e-05
106,345.36,0.0452631,0.210795,0.00153935,0.181479,0.0638111,0.0384434,0.0638111,0.842875,0.0358962,0.206138,0.162444,0.0001,1e-05
107,348.665,0.0397408,0.208834,0.00150276,0.155958,0.0803287,0.0463791,0.0803287,0.81725,0.0414567,0.206341,0.179892,0.0001,1e-05
108,351.996,0.0468442,0.209601,0.00150396,0.182522,0.0811466,0.0566468,0.0811466,0.869,0.0368583,0.206322,0.150665,0.0001,1e-05
109,355.355,0.0330106,0.207923,0.00148979,0.13489,0.0827078,0.0596215,0.0827078,0.846,0.0367634,0.206422,0.153158,0.0001,1e-05
110,358.687,0.0398095,0.209181,0.00154344,0.167528,0.08365,0.0570383,0.08365,0.820125,0.0464966,0.206517,0.18269,0.0001,1e-05
111,361.964,0.0443459,0.208744,0.00150683,0.174383,0.0828758,0.0453353,0.0828758,0.85025,0.0385071,0.206434,0.148708,0.0001,1e-05
112,365.377,0.0397181,0.206713,0.00144469,0.144219,0.0826604,0.0598578,0.0826604,0.8245,0.0364906,0.20722,0.154638,0.0001,1e-05
113,368.732,0.0546662,0.209006,0.00162115,0.18899,0.09493,0.0580912,0.09493,0.83425,0.0338842,0.207774,0.147538,0.0001,1e-05
114,372.035,0.0351705,0.208527,0.0015491,0.137745,0.081517,0.0520723,0.081517,0.862375,0.0417953,0.207227,0.150292,0.0001,1e-05
115,375.286,0.0335219,0.209265,0.00155767,0.12834,0.0794715,0.0553155,0.0794715,0.811125,0.0361541,0.207667,0.154519,0.0001,1e-05
116,378.681,0.0419247,0.207764,0.00156253,0.180894,0.078494,0.0359156,0.078494,0.734375,0.0647745,0.209926,0.244624,0.0001,1e-05
117,382.04,0.0487594,0.210663,0.00158333,0.191298,0.0484016,0.0248809,0.0484016,0.66975,0.086216,0.209187,0.304673,0.0001,1e-05
118,385.327,0.0573088,0.210157,0.00159854,0.220456,0.080841,0.0362617,0.080841,0.756125,0.0472888,0.207248,0.203982,0.0001,1e-05
119,388.617,0.0376778,0.208302,0.00161363,0.152402,0.0992321,0.0489404,0.0992321,0.796,0.0435935,0.207377,0.183672,0.0001,1e-05
120,391.81,0.0406969,0.208588,0.00153205,0.153083,0.0739256,0.046475,0.0739256,0.858375,0.0322086,0.206599,0.14357,0.0001,1e-05
121,395.039,0.0485699,0.208892,0.00152077,0.186045,0.0809578,0.0475429,0.0809578,0.8405,0.0317711,0.20597,0.136814,0.0001,1e-05
122,398.441,0.041404,0.205818,0.00146335,0.17213,0.110329,0.0583201,0.110329,0.806625,0.0421944,0.206213,0.174753,0.0001,1e-05
123,401.668,0.0445238,0.208189,0.00145711,0.170901,0.0818099,0.0517411,0.0818099,0.79525,0.0429899,0.205693,0.182599,0.0001,1e-05
124,404.897,0.0473572,0.200785,0.00139363,0.181976,0.0663637,0.0417537,0.0663637,0.831375,0.03702,0.20429,0.153185,0.0001,1e-05
125,408.027,0.0427301,0.208498,0.0014479,0.16243,0.0561427,0.0342277,0.0561427,0.782875,0.0397384,0.205454,0.187766,0.0001,1e-05
126,411.41,0.0438175,0.206705,0.00150386,0.167981,0.085615,0.0465019,0.085615,0.83,0.0399318,0.206163,0.167496,0.0001,1e-05
127,414.592,0.0356291,0.2109,0.00150296,0.150786,0.120074,0.0742377,0.120074,0.832875,0.0353366,0.205199,0.15677,0.0001,1e-05
128,417.903,0.0333704,0.20606,0.00144782,0.127895,0.121846,0.0676651,0.121846,0.829375,0.0414937,0.203481,0.163167,0.0001,1e-05
129,421.077,0.113464,0.205645,0.00144602,0.240076,0.0759388,0.0347054,0.0759388,0.722,0.0552923,0.204571,0.243716,0.0001,1e-05
130,424.228,0.0447449,0.205927,0.00150951,0.172356,0.0962587,0.0533159,0.0962587,0.8055,0.0435984,0.203653,0.19003,0.0001,1e-05
131,427.56,0.0333539,0.206117,0.00144207,0.145712,0.0947753,0.0511355,0.0947753,0.793125,0.0498339,0.201753,0.213911,0.0001,1e-05
132,430.873,0.0383409,0.204384,0.00136564,0.148793,0.113687,0.0767511,0.113687,0.860625,0.0311782,0.20364,0.141545,0.0001,1e-05
133,434.312,0.0406959,0.204122,0.00143517,0.15612,0.116803,0.0700659,0.116803,0.8585,0.031321,0.205989,0.140396,0.0001,1e-05
134,437.892,0.0356185,0.206424,0.00137905,0.142843,0.124611,0.0569896,0.124611,0.8375,0.0342386,0.205227,0.153787,0.0001,1e-05
135,441.186,0.038709,0.20664,0.00140444,0.15468,0.123142,0.0536538,0.123142,0.7805,0.0383717,0.206408,0.173243,0.0001,1e-05
136,444.529,0.0456704,0.209124,0.00143179,0.185455,0.0762857,0.0381836,0.0762857,0.734,0.0554314,0.206784,0.238374,0.0001,1e-05
137,447.721,0.0452284,0.20893,0.00145868,0.191169,0.126316,0.0574441,0.126316,0.791125,0.0421932,0.20433,0.196081,0.0001,1e-05
138,451.029,0.0428211,0.205158,0.00139295,0.160491,0.130159,0.085068,0.130159,0.845375,0.0393869,0.203991,0.160085,0.0001,1e-05
139,454.313,0.041677,0.205798,0.0014397,0.150596,0.106911,0.0677843,0.106911,0.817125,0.0467753,0.205156,0.185058,0.0001,1e-05
140,457.593,0.0407291,0.205869,0.00137995,0.153279,0.0842116,0.0580684,0.0842116,0.84075,0.0404833,0.203266,0.164705,0.0001,1e-05
141,460.907,0.0401124,0.206579,0.00134257,0.154429,0.0595349,0.0405393,0.0595349,0.758125,0.0457034,0.202784,0.229751,0.0001,1e-05
142,464.11,0.0349181,0.20691,0.00137996,0.144405,0.0607224,0.0385704,0.0607224,0.761,0.0447665,0.204389,0.216288,0.0001,1e-05
143,467.341,0.0428411,0.203611,0.00133388,0.179967,0.0962449,0.0558276,0.0962449,0.84575,0.038733,0.202749,0.170582,0.0001,1e-05
144,470.824,0.0348605,0.204145,0.00134289,0.132151,0.103976,0.067399,0.103976,0.795125,0.0461564,0.203342,0.20891,0.0001,1e-05
145,474.068,0.0361365,0.203777,0.00128234,0.144791,0.082014,0.0605939,0.082014,0.82675,0.0391599,0.202012,0.175308,0.0001,1e-05
146,477.362,0.059804,0.206196,0.00138691,0.197692,0.0744009,0.0571006,0.0744009,0.858,0.0372386,0.200744,0.161131,0.0001,1e-05
147,480.499,0.0292825,0.203743,0.00137362,0.122368,0.0871091,0.0664408,0.0871091,0.87075,0.0346484,0.20234,0.146965,0.0001,1e-05
148,483.68,0.0371624,0.206649,0.00137211,0.13248,0.095974,0.0649713,0.095974,0.80825,0.0400903,0.208081,0.191139,0.0001,1e-05
149,487.113,0.038063,0.208546,0.00132581,0.160176,0.0945149,0.0692556,0.0945149,0.834625,0.0429316,0.205384,0.175891,0.0001,1e-05
150,490.276,0.0350711,0.204064,0.00138777,0.134547,0.0990353,0.0748329,0.0990353,0.86675,0.033292,0.202566,0.132839,0.0001,1e-05
151,493.552,0.0376785,0.202464,0.00131851,0.13666,0.0875941,0.0671862,0.0875941,0.8355,0.0442935,0.202969,0.173125,0.0001,1e-05
152,496.913,0.0378594,0.20232,0.00130215,0.159299,0.0964543,0.0706338,0.0964543,0.83775,0.0415034,0.202475,0.171923,0.0001,1e-05
153,500.175,0.0372858,0.202018,0.00128048,0.147769,0.0913325,0.0689832,0.0913325,0.804875,0.0381893,0.202641,0.193382,0.0001,1e-05
154,503.496,0.0382485,0.203569,0.00127446,0.150039,0.0981186,0.071685,0.0981186,0.877875,0.0339535,0.202382,0.151304,0.0001,1e-05
155,506.691,0.0345389,0.200818,0.00126867,0.139563,0.0864679,0.0640151,0.0864679,0.853125,0.0395159,0.201979,0.161752,0.0001,1e-05
156,509.918,0.0466046,0.205925,0.00132974,0.163227,0.113199,0.0682749,0.113199,0.817375,0.0405734,0.201717,0.201617,0.0001,1e-05
157,513.252,0.0480334,0.203287,0.00127724,0.190213,0.123876,0.0759346,0.123876,0.827125,0.0497193,0.201766,0.199415,0.0001,1e-05
158,516.584,0.0427454,0.208071,0.00126257,0.161116,0.122321,0.0861084,0.122321,0.85775,0.0379099,0.200759,0.170353,0.0001,1e-05
159,519.896,0.0432262,0.203631,0.00126127,0.172422,0.118653,0.0742148,0.118653,0.8685,0.0381367,0.202635,0.156108,0.0001,1e-05
160,523.109,0.0448106,0.2012,0.00126526,0.172436,0.0824028,0.0512644,0.0824028,0.861875,0.0425422,0.201559,0.163535,0.0001,1e-05
161,526.232,0.0405832,0.199508,0.00133025,0.164364,0.0765362,0.058964,0.0765362,0.842625,0.0441256,0.197971,0.176758,0.0001,1e-05
162,529.492,0.0416532,0.201933,0.001318,0.156064,0.100808,0.0624848,0.100808,0.902375,0.032524,0.195293,0.139091,0.0001,1e-05
163,532.628,0.0350199,0.197649,0.00135724,0.141391,0.0963356,0.0610287,0.0963356,0.859125,0.0369458,0.199457,0.165732,0.0001,1e-05
164,535.893,0.0377655,0.198396,0.00121337,0.150515,0.0951325,0.0535804,0.0951325,0.887,0.0306438,0.198138,0.132295,0.0001,1e-05
165,539.427,0.0375935,0.200834,0.00120791,0.147721,0.0973644,0.0616617,0.0973644,0.8505,0.0373301,0.20262,0.160684,0.0001,1e-05
166,542.714,0.038093,0.203708,0.00122674,0.147228,0.0981615,0.0632492,0.0981615,0.808625,0.0500168,0.199971,0.200466,0.0001,1e-05
167,546.092,0.0453585,0.201602,0.00123982,0.165098,0.103817,0.0613825,0.103817,0.820875,0.0468234,0.200375,0.189802,0.0001,1e-05
168,549.4,0.0317799,0.193917,0.00112482,0.126303,0.112592,0.0770755,0.112592,0.8705,0.0361656,0.202084,0.146531,0.0001,1e-05
169,552.793,0.0376518,0.196617,0.00118597,0.152597,0.105253,0.0594742,0.105253,0.833875,0.0399298,0.197465,0.193742,0.0001,1e-05
170,556.213,0.0327071,0.202365,0.00114539,0.136651,0.1099,0.0700955,0.1099,0.8395,0.0421234,0.197659,0.172055,0.0001,1e-05
171,559.411,0.0312593,0.195198,0.00124798,0.127861,0.118552,0.0644576,0.118552,0.893625,0.0293859,0.200716,0.132231,0.0001,1e-05
172,562.763,0.0415164,0.192732,0.00123189,0.163179,0.0873116,0.0590606,0.0873116,0.869125,0.0374004,0.199452,0.153566,0.0001,1e-05
173,565.895,0.0441162,0.198838,0.00126686,0.176604,0.107786,0.0591033,0.107786,0.885875,0.0350332,0.197178,0.134952,0.0001,1e-05
174,569.113,0.0380606,0.200819,0.00128332,0.163481,0.0764442,0.0451796,0.0764442,0.7985,0.0487513,0.194773,0.204498,0.0001,1e-05
175,572.552,0.0385901,0.19601,0.001156,0.152297,0.0775021,0.0532215,0.0775021,0.860875,0.0345777,0.192161,0.163392,0.0001,1e-05
176,575.795,0.0352266,0.200424,0.0013255,0.132315,0.0847075,0.0584153,0.0847075,0.87825,0.0306206,0.196807,0.133652,0.0001,1e-05
177,579.207,0.028766,0.196679,0.00121945,0.124716,0.0972906,0.0604742,0.0972906,0.840375,0.0416037,0.193332,0.187847,0.0001,1e-05
178,582.44,0.0363046,0.193859,0.00122024,0.162405,0.0963955,0.0516034,0.0963955,0.715125,0.0601932,0.19546,0.27929,0.0001,1e-05
179,585.747,0.0548898,0.19819,0.0012866,0.24546,0.0970898,0.0510464,0.0970898,0.75575,0.0515876,0.197502,0.250549,0.0001,1e-05
180,589.041,0.0471549,0.195606,0.00117767,0.19756,0.0979446,0.0548662,0.0979446,0.83425,0.0429578,0.198685,0.174726,0.0001,1e-05
181,592.424,0.0407,0.194971,0.00108081,0.164836,0.0983741,0.0604147,0.0983741,0.867625,0.0358263,0.197667,0.149611,0.0001,1e-05
182,595.731,0.0333192,0.202635,0.00117486,0.131758,0.074262,0.0521564,0.074262,0.86475,0.0375278,0.196718,0.154419,0.0001,1e-05
183,599.02,0.0353127,0.201981,0.00113315,0.13637,0.107399,0.0634126,0.107399,0.886125,0.0309036,0.200278,0.126579,0.0001,1e-05
184,602.287,0.0358612,0.202319,0.00107397,0.14256,0.10278,0.0601801,0.10278,0.816625,0.0451693,0.199383,0.188774,0.0001,1e-05
185,605.605,0.0450995,0.199599,0.00112134,0.193302,0.106059,0.0713877,0.106059,0.875375,0.0310304,0.197918,0.136679,0.0001,1e-05
186,608.731,0.0363092,0.196648,0.00122006,0.139337,0.125162,0.0731879,0.125162,0.885875,0.0284469,0.199165,0.125925,0.0001,1e-05
187,612.088,0.135571,0.198028,0.00109276,0.221553,0.127038,0.0663685,0.127038,0.85,0.0374963,0.198232,0.151769,0.0001,1e-05
188,615.428,0.0323349,0.199304,0.00109144,0.129657,0.103177,0.0727289,0.103177,0.852875,0.0313542,0.202694,0.146905,0.0001,1e-05
189,618.825,0.0363555,0.193678,0.0010766,0.137413,0.102349,0.0634087,0.102349,0.836,0.0442797,0.198986,0.171799,0.0001,1e-05
190,622.142,0.0371678,0.196272,0.00109997,0.147428,0.116233,0.0741405,0.116233,0.853125,0.0385244,0.202115,0.152966,0.0001,1e-05
191,625.366,0.0322117,0.195739,0.00109246,0.131251,0.143003,0.0976972,0.143003,0.84975,0.0383397,0.197479,0.166016,0.0001,1e-05
192,628.628,0.0428159,0.198411,0.00109221,0.15541,0.138369,0.0771272,0.138369,0.86875,0.0436621,0.197669,0.170048,0.0001,1e-05
193,631.969,0.0433303,0.195983,0.001154,0.166253,0.108693,0.0654647,0.108693,0.836875,0.0422382,0.200885,0.171295,0.0001,1e-05
194,635.278,0.0337368,0.198412,0.00115082,0.131148,0.116487,0.0829294,0.116487,0.862875,0.0313965,0.198959,0.146681,0.0001,1e-05
195,638.541,0.0471484,0.200384,0.00111084,0.161341,0.109252,0.0627069,0.109252,0.86525,0.0426036,0.205599,0.152355,0.0001,1e-05
196,641.981,0.0278263,0.196047,0.0011326,0.113264,0.0979632,0.0607016,0.0979632,0.803625,0.0383187,0.204661,0.169547,0.0001,1e-05
197,645.172,0.0413937,0.20177,0.00115253,0.16726,0.0702211,0.0368286,0.0702211,0.757625,0.0517365,0.202689,0.222403,0.0001,1e-05
198,648.519,0.042666,0.20145,0.00116097,0.202372,0.0738105,0.0407431,0.0738105,0.785875,0.0549294,0.201138,0.218733,0.0001,1e-05
199,651.742,0.038436,0.201124,0.00115586,0.156322,0.102265,0.0757336,0.102265,0.8825,0.0305595,0.199663,0.131649,0.0001,1e-05
200,654.925,0.0306123,0.197079,0.00119058,0.124913,0.105623,0.0698084,0.105623,0.858875,0.0345554,0.199805,0.153009,1e-05,1e-06
201,658.171,0.0414917,0.195891,0.00114725,0.158916,0.105434,0.0676446,0.105434,0.854875,0.0332983,0.201483,0.15235,1e-05,1e-06
202,661.399,0.0334127,0.201062,0.00109442,0.129189,0.105449,0.070804,0.105449,0.86,0.0322853,0.200831,0.150489,1e-05,1e-06
203,664.733,0.0303552,0.201532,0.00109605,0.118962,0.105253,0.0717487,0.105253,0.889875,0.030276,0.200491,0.138918,1e-05,1e-06
204,667.924,0.0301048,0.199817,0.00107623,0.130303,0.105929,0.077779,0.105929,0.883875,0.029057,0.197843,0.13634,1e-05,1e-06
205,671.232,0.0309279,0.200272,0.00100497,0.124118,0.106047,0.080742,0.106047,0.891,0.0270692,0.199454,0.127635,1e-05,1e-06
206,674.758,0.0322363,0.202139,0.00101999,0.135915,0.105955,0.0810948,0.105955,0.898125,0.0274247,0.198015,0.126936,1e-05,1e-06
207,678.03,0.0261272,0.196469,0.00109007,0.116672,0.105784,0.0775774,0.105784,0.891625,0.0275123,0.197721,0.12931,1e-05,1e-06
208,681.467,0.0256403,0.197788,0.00102367,0.106036,0.106506,0.0781824,0.106506,0.89275,0.0288983,0.197136,0.131909,1e-05,1e-06
209,684.761,0.0275278,0.195249,0.00103351,0.112741,0.107428,0.0755716,0.107428,0.887625,0.0285683,0.196716,0.135204,1e-05,1e-06
210,688.161,0.0371908,0.199629,0.00101104,0.117996,0.109312,0.0798212,0.109312,0.903,0.0274883,0.196319,0.128189,1e-05,1e-06
211,691.61,0.0280332,0.192363,0.00101232,0.112715,0.111092,0.0816504,0.111092,0.910375,0.0271192,0.195639,0.12289,1e-05,1e-06
212,694.839,0.0286726,0.198278,0.00103634,0.121167,0.110578,0.0796282,0.110578,0.9095,0.0282661,0.195572,0.126758,1e-05,1e-06
213,698.107,0.0259674,0.197193,0.00106496,0.10207,0.11249,0.0826251,0.11249,0.9115,0.0280301,0.196384,0.121657,1e-05,1e-06
214,701.605,0.0327881,0.199339,0.00107978,0.120205,0.112746,0.0845975,0.112746,0.9115,0.0280774,0.196799,0.120711,1e-05,1e-06
215,704.784,0.0250241,0.195705,0.00108265,0.107612,0.116827,0.0848489,0.116827,0.90325,0.0259175,0.196949,0.115115,1e-05,1e-06
216,708.064,0.0273911,0.193096,0.00106505,0.108501,0.117021,0.082925,0.117021,0.91375,0.024465,0.198689,0.108099,1e-05,1e-06
217,711.309,0.0280883,0.198993,0.00106394,0.122655,0.117484,0.0826937,0.117484,0.908625,0.0264671,0.199419,0.119549,1e-05,1e-06
218,714.448,0.0273343,0.200752,0.00117847,0.119484,0.117201,0.0805338,0.117201,0.906625,0.0273337,0.199306,0.120096,1e-05,1e-06
219,717.876,0.027456,0.198353,0.00104731,0.108548,0.117965,0.080674,0.117965,0.902375,0.0266767,0.198541,0.11386,1e-05,1e-06
220,721.084,0.0268347,0.199367,0.00112507,0.109984,0.115814,0.0795689,0.115814,0.900125,0.0258341,0.198546,0.114464,1e-05,1e-06
221,724.511,0.0280783,0.196473,0.00103559,0.10971,0.116166,0.08006,0.116166,0.889625,0.0267941,0.198382,0.121575,1e-05,1e-06
222,727.917,0.030459,0.194548,0.00100907,0.109411,0.118586,0.0823234,0.118586,0.904125,0.028585,0.198376,0.128645,1e-05,1e-06
223,731.153,0.0301331,0.200583,0.00105417,0.116269,0.121604,0.0821541,0.121604,0.899,0.0296202,0.197125,0.133268,1e-05,1e-06
224,734.44,0.0259696,0.199266,0.00102076,0.109998,0.121458,0.0823031,0.121458,0.904125,0.0311929,0.197538,0.130834,1e-05,1e-06
225,737.84,0.0792334,0.201502,0.000970546,0.182459,0.12674,0.0814128,0.12674,0.908375,0.0311096,0.198285,0.127395,1e-05,1e-06
226,740.981,0.0227377,0.198599,0.0010826,0.0988427,0.125262,0.0819931,0.125262,0.9055,0.0289376,0.200197,0.124736,1e-05,1e-06
227,744.354,0.0304794,0.197837,0.00103085,0.115398,0.134452,0.0858636,0.134452,0.9055,0.0278292,0.198982,0.118493,1e-05,1e-06
228,747.626,0.0294634,0.19801,0.00103515,0.115567,0.134051,0.0900739,0.134051,0.9015,0.0273576,0.199899,0.117763,1e-05,1e-06
229,750.972,0.0282032,0.197261,0.00106185,0.113886,0.134045,0.0898186,0.134045,0.90125,0.0258741,0.198717,0.118294,1e-05,1e-06
230,754.246,0.0537677,0.199641,0.00105485,0.151429,0.134372,0.0900634,0.134372,0.89925,0.0266588,0.198889,0.121316,1e-05,1e-06
231,757.52,0.0260485,0.198623,0.00103665,0.101612,0.134935,0.0850301,0.134935,0.896125,0.0277007,0.200167,0.122285,1e-05,1e-06
232,760.779,0.0277283,0.196343,0.00112457,0.114822,0.134827,0.0805379,0.134827,0.9075,0.0272463,0.199697,0.116921,1e-05,1e-06
233,764.059,0.0247029,0.194989,0.0010759,0.109074,0.135154,0.0822524,0.135154,0.904375,0.0270496,0.199875,0.117044,1e-05,1e-06
234,767.412,0.025431,0.188902,0.00105655,0.0994834,0.133848,0.0836786,0.133848,0.896125,0.0278492,0.200919,0.121055,1e-05,1e-06
235,770.605,0.0288242,0.193397,0.00107026,0.107243,0.132415,0.0817296,0.132415,0.90125,0.0275578,0.201071,0.124582,1e-05,1e-06
236,773.832,0.0279448,0.198099,0.00103271,0.115164,0.132199,0.0833031,0.132199,0.893875,0.0279524,0.199454,0.130215,1e-05,1e-06
237,777.118,0.0282295,0.199044,0.00102838,0.105984,0.131798,0.0837782,0.131798,0.891875,0.0279594,0.198636,0.132399,1e-05,1e-06
238,780.351,0.0231584,0.197601,0.00105937,0.0995957,0.131419,0.0831061,0.131419,0.898125,0.0278133,0.19907,0.128603,1e-05,1e-06
239,783.568,0.0257039,0.19743,0.00106752,0.107219,0.130847,0.0868991,0.130847,0.899,0.0285021,0.197755,0.130933,1e-05,1e-06
240,787.036,0.0259326,0.19792,0.00102374,0.107883,0.130289,0.091306,0.130289,0.891875,0.0301329,0.198584,0.131948,1e-05,1e-06
241,790.371,0.0251462,0.200698,0.00102729,0.104869,0.12979,0.0932112,0.12979,0.897,0.0311638,0.198922,0.131705,1e-05,1e-06
242,793.672,0.023883,0.197994,0.00103042,0.0987381,0.129465,0.093042,0.129465,0.898125,0.0293881,0.199572,0.132504,1e-05,1e-06
243,797.045,0.0260649,0.193931,0.0010318,0.100431,0.128891,0.0926146,0.128891,0.891,0.0289199,0.197221,0.132627,1e-05,1e-06
244,800.278,0.0364744,0.201308,0.00105386,0.130467,0.128855,0.0893081,0.128855,0.889875,0.0277232,0.198786,0.132063,1e-05,1e-06
245,803.655,0.0268156,0.196318,0.00104188,0.101402,0.12943,0.090044,0.12943,0.904375,0.0277059,0.197369,0.127448,1e-05,1e-06
246,806.87,0.0258585,0.194593,0.00113694,0.105415,0.129357,0.0861759,0.129357,0.902375,0.026969,0.197011,0.122272,1e-05,1e-06
247,810.228,0.0307546,0.1993,0.00103925,0.114716,0.129616,0.0870517,0.129616,0.90525,0.0261806,0.198574,0.120665,1e-05,1e-06
248,813.501,0.0280128,0.198784,0.00105343,0.103306,0.129204,0.0838594,0.129204,0.910375,0.027076,0.197765,0.126158,1e-05,1e-06
249,816.654,0.0242447,0.195189,0.0011069,0.0985657,0.129104,0.0764756,0.129104,0.90725,0.0282908,0.198009,0.125719,1e-05,1e-06
250,820.039,0.0268291,0.197135,0.00101424,0.105889,0.129243,0.0794201,0.129243,0.897875,0.0286563,0.197379,0.130965,1e-05,1e-06
251,823.245,0.0237564,0.196505,0.00109625,0.0979503,0.129435,0.0811406,0.129435,0.887625,0.0293085,0.196842,0.137306,1e-05,1e-06
252,826.545,0.0249797,0.196508,0.00103504,0.102723,0.129834,0.0844635,0.129834,0.89075,0.0286415,0.197878,0.136365,1e-05,1e-06
253,829.968,0.0339989,0.201557,0.00105669,0.117146,0.13029,0.0862718,0.13029,0.897,0.0303733,0.198595,0.135706,1e-05,1e-06
254,833.316,0.0263773,0.197744,0.00103122,0.106337,0.130468,0.0904907,0.130468,0.893875,0.0291998,0.198333,0.130286,1e-05,1e-06
255,836.727,0.0287536,0.200246,0.00105531,0.0995216,0.13047,0.0966095,0.13047,0.889875,0.029385,0.200909,0.12864,1e-05,1e-06
256,839.983,0.0269944,0.197705,0.000984554,0.105223,0.130494,0.0965565,0.130494,0.88875,0.0290816,0.201591,0.12826,1e-05,1e-06
257,843.212,0.0238626,0.194872,0.00102992,0.095929,0.119947,0.089183,0.119947,0.893875,0.0303758,0.200696,0.13047,1e-05,1e-06
258,846.616,0.0260606,0.197934,0.00101361,0.114552,0.119696,0.0891259,0.119696,0.896125,0.0294155,0.200004,0.12341,1e-05,1e-06
259,849.933,0.0258223,0.200748,0.00104796,0.10006,0.119868,0.0862554,0.119868,0.9015,0.0278325,0.200276,0.123246,1e-05,1e-06
260,853.298,0.0252854,0.201776,0.00106531,0.100292,0.120314,0.0827588,0.120314,0.895,0.0272495,0.200165,0.116861,1e-05,1e-06
261,856.509,0.0244931,0.198139,0.00107743,0.10182,0.120616,0.0780651,0.120616,0.899875,0.0266565,0.200549,0.11823,1e-05,1e-06
262,859.76,0.033428,0.201341,0.00110117,0.12132,0.120781,0.0724217,0.120781,0.89875,0.0266566,0.201238,0.122594,1e-05,1e-06
263,863.19,0.0236905,0.199434,0.00102117,0.102461,0.121596,0.0718828,0.121596,0.899875,0.0274743,0.20049,0.124702,1e-05,1e-06
264,866.447,0.02543,0.196718,0.00103631,0.106948,0.121906,0.0726129,0.121906,0.897,0.0269135,0.198916,0.122717,1e-05,1e-06
265,869.841,0.0238171,0.197579,0.0010294,0.104196,0.122631,0.0726222,0.122631,0.898125,0.0273053,0.198065,0.117795,1e-05,1e-06
266,873.119,0.0228762,0.193682,0.00106517,0.0989295,0.123203,0.0726547,0.123203,0.89925,0.0285501,0.197554,0.124019,1e-05,1e-06
267,876.311,0.0278227,0.196404,0.00106691,0.106442,0.118474,0.0724963,0.118474,0.90125,0.0286662,0.197584,0.11872,1e-05,1e-06
268,879.657,0.0259934,0.197881,0.00105879,0.102742,0.123809,0.0743693,0.123809,0.90125,0.0293235,0.196998,0.119955,1e-05,1e-06
269,882.943,0.0214151,0.195802,0.00105925,0.0984137,0.124252,0.07395,0.124252,0.881375,0.0298183,0.195527,0.138094,1e-05,1e-06
270,886.174,0.0233197,0.196538,0.00105063,0.101369,0.124711,0.0744481,0.124711,0.889625,0.030318,0.196822,0.136084,1e-05,1e-06
271,889.53,0.0239282,0.193622,0.00101926,0.100112,0.125309,0.0782385,0.125309,0.887625,0.030916,0.197279,0.132839,1e-05,1e-06
272,892.857,0.0238758,0.196653,0.00101364,0.100206,0.125122,0.0750209,0.125122,0.887875,0.0328868,0.198208,0.133385,1e-05,1e-06
273,896.194,0.0245821,0.19526,0.0010768,0.0974582,0.12458,0.0754818,0.12458,0.898375,0.0337888,0.197258,0.139366,1e-05,1e-06
274,899.409,0.0297722,0.199213,0.00107143,0.106427,0.124539,0.0793126,0.124539,0.89325,0.0329265,0.197759,0.138602,1e-05,1e-06
275,902.641,0.0238259,0.197563,0.00101348,0.095387,0.124334,0.0793305,0.124334,0.88675,0.0327428,0.19734,0.140636,1e-05,1e-06
276,906.003,0.0235726,0.192664,0.00105262,0.101968,0.125424,0.0797393,0.125424,0.875375,0.0329804,0.197061,0.143283,1e-05,1e-06
277,909.229,0.0228667,0.193528,0.00103717,0.10111,0.126365,0.0806071,0.126365,0.891875,0.03386,0.198358,0.139005,1e-05,1e-06
278,912.424,0.0309869,0.199813,0.001126,0.106899,0.12706,0.083992,0.12706,0.89075,0.0313677,0.200849,0.141744,1e-05,1e-06
279,915.712,0.0271498,0.194467,0.00109453,0.10915,0.127539,0.0874988,0.127539,0.897,0.0291001,0.202358,0.131903,1e-05,1e-06
280,918.906,0.0208267,0.197337,0.0010586,0.090324,0.127582,0.0878616,0.127582,0.897,0.0289973,0.201065,0.130198,1e-05,1e-06
281,922.272,0.0263212,0.192773,0.00102271,0.106851,0.127592,0.0898985,0.127592,0.894125,0.0319241,0.19868,0.132271,1e-05,1e-06
282,925.595,0.0248649,0.196848,0.00103716,0.104284,0.127881,0.0898786,0.127881,0.890125,0.0310161,0.198987,0.130246,1e-05,1e-06
283,928.757,0.0243902,0.195027,0.00106004,0.0919621,0.128354,0.0905783,0.128354,0.89125,0.0311739,0.198872,0.130512,1e-05,1e-06
284,932.183,0.0245916,0.198412,0.000974732,0.0988069,0.128028,0.090585,0.128028,0.894125,0.0302126,0.199867,0.126063,1e-05,1e-06
285,935.337,0.0249558,0.195854,0.00105401,0.0954176,0.128725,0.0934318,0.128725,0.89925,0.0290754,0.200346,0.128396,1e-05,1e-06
286,938.669,0.0231686,0.198921,0.00100844,0.0969897,0.128999,0.0933523,0.128999,0.897,0.029358,0.199733,0.125464,1e-05,1e-06
287,941.931,0.0248928,0.196517,0.00103442,0.10339,0.129245,0.0913115,0.129245,0.896125,0.0308922,0.199664,0.127902,1e-05,1e-06
288,945.198,0.0248127,0.197506,0.00105789,0.103949,0.12872,0.0893907,0.12872,0.894125,0.0294367,0.199196,0.132997,1e-05,1e-06
289,948.521,0.0224707,0.195081,0.00107505,0.0892306,0.128989,0.0892335,0.128989,0.894125,0.0287422,0.198426,0.131492,1e-05,1e-06
290,951.779,0.0444058,0.200695,0.00103047,0.123935,0.124261,0.0868565,0.124261,0.896125,0.0288165,0.20157,0.130868,1e-05,1e-06
291,955.204,0.0263861,0.196636,0.00102625,0.103879,0.128542,0.0897729,0.128542,0.902375,0.0317149,0.199318,0.124707,1e-05,1e-06
292,958.475,0.023238,0.196366,0.00105565,0.0983829,0.128699,0.0892804,0.128699,0.892125,0.0329987,0.200042,0.131048,1e-05,1e-06
293,961.797,0.0488633,0.201478,0.0010501,0.15373,0.127994,0.0895717,0.127994,0.89525,0.034383,0.198313,0.139386,1e-05,1e-06
294,965.145,0.0265971,0.1939,0.00102908,0.100835,0.122904,0.0874908,0.122904,0.894375,0.0309663,0.19921,0.128515,1e-05,1e-06
295,968.537,0.0519095,0.201373,0.000990416,0.141003,0.1214,0.0800894,0.1214,0.8915,0.0312743,0.198216,0.132449,1e-05,1e-06
296,971.734,0.0285419,0.197033,0.00107995,0.11756,0.121229,0.0789394,0.121229,0.896625,0.0306557,0.199441,0.128582,1e-05,1e-06
297,975.084,0.0236319,0.198337,0.00103203,0.0910139,0.121647,0.0790141,0.121647,0.8995,0.0309012,0.200019,0.129353,1e-05,1e-06
298,978.377,0.0243873,0.196031,0.000989828,0.097484,0.118627,0.0784295,0.118627,0.89525,0.0291086,0.200395,0.127587,1e-05,1e-06
299,981.698,0.0261173,0.195738,0.00104127,0.0979797,0.117862,0.0795823,0.117862,0.898375,0.029807,0.199686,0.129448,1e-05,1e-06
300,984.949,0.0220493,0.201605,0.00102126,0.0892308,0.117527,0.0804782,0.117527,0.902375,0.0305341,0.198309,0.128313,1e-05,1e-06
301,988.198,0.0232228,0.1936,0.00101514,0.102257,0.116688,0.0773811,0.116688,0.9115,0.0316633,0.196196,0.12906,1e-05,1e-06
302,991.52,0.0276799,0.196395,0.00105975,0.100559,0.116893,0.0775271,0.116893,0.9135,0.0313878,0.196742,0.124423,1e-05,1e-06
303,994.894,0.0218989,0.198507,0.00097663,0.0939794,0.117791,0.0750593,0.117791,0.910375,0.030449,0.19544,0.126804,1e-05,1e-06
304,998.282,0.0211309,0.194038,0.00106804,0.0872177,0.117821,0.0771704,0.117821,0.900125,0.0300389,0.196322,0.131821,1e-05,1e-06
305,1001.63,0.0258886,0.196582,0.000969793,0.108079,0.118038,0.0787308,0.118038,0.900125,0.0316504,0.195276,0.133475,1e-05,1e-06
306,1004.99,0.022427,0.194371,0.000992265,0.0934636,0.117326,0.0796885,0.117326,0.896125,0.0325617,0.199109,0.126289,1e-05,1e-06
307,1008.43,0.0236987,0.196075,0.00101657,0.100328,0.116886,0.0789215,0.116886,0.890125,0.0325201,0.198227,0.12844,1e-05,1e-06
308,1011.59,0.0318565,0.196885,0.0010492,0.112956,0.116858,0.0772158,0.116858,0.888125,0.0339042,0.197846,0.132876,1e-05,1e-06
309,1014.88,0.0280427,0.197341,0.00101659,0.102195,0.117739,0.0782031,0.117739,0.879875,0.0346604,0.196665,0.138861,1e-05,1e-06
310,1018.23,0.0278128,0.195661,0.00102379,0.128063,0.118344,0.0803949,0.118344,0.881875,0.0344718,0.198278,0.141701,1e-05,1e-06
311,1021.49,0.0218188,0.199042,0.00102119,0.0901122,0.119068,0.0806658,0.119068,0.887875,0.0339222,0.197581,0.141667,1e-05,1e-06
312,1024.92,0.0240317,0.198284,0.00103809,0.100604,0.119726,0.0833823,0.119726,0.891,0.0334907,0.197462,0.141835,1e-05,1e-06
313,1028.27,0.0503804,0.197087,0.00103717,0.136984,0.118453,0.083923,0.118453,0.889,0.0351927,0.196665,0.140088,1e-05,1e-06
314,1031.47,0.0223951,0.194176,0.00107676,0.0981537,0.11698,0.0827855,0.11698,0.889,0.0362303,0.196233,0.141828,1e-05,1e-06
315,1034.81,0.025613,0.196179,0.001008,0.0960483,0.115648,0.0813275,0.115648,0.891,0.0348937,0.199792,0.139978,1e-05,1e-06
316,1038.07,0.0269221,0.19638,0.00102157,0.0994039,0.115217,0.0803706,0.115217,0.894125,0.0348346,0.199909,0.140894,1e-05,1e-06
317,1041.44,0.0236141,0.19627,0.000992121,0.0992143,0.115706,0.0822826,0.115706,0.898375,0.0332638,0.202087,0.135685,1e-05,1e-06
318,1044.78,0.0812918,0.196123,0.00100613,0.186117,0.114666,0.0760172,0.114666,0.892125,0.0319747,0.203318,0.133244,1e-05,1e-06
319,1048.04,0.0236154,0.197678,0.00105349,0.103423,0.114719,0.0768277,0.114719,0.889,0.0307204,0.200989,0.133442,1e-05,1e-06
320,1051.37,0.0250196,0.197642,0.00102464,0.0973922,0.115566,0.0766353,0.115566,0.885875,0.0292926,0.202338,0.129733,1e-05,1e-06
321,1054.7,0.02389,0.197125,0.000977293,0.0984329,0.115941,0.0767923,0.115941,0.892125,0.028471,0.202347,0.126924,1e-05,1e-06
322,1058.09,0.0256981,0.194819,0.000980463,0.0998925,0.115739,0.0800024,0.115739,0.89525,0.0288237,0.20183,0.127076,1e-05,1e-06
323,1061.4,0.0233633,0.194273,0.00104467,0.0924039,0.116783,0.0809417,0.116783,0.892125,0.0312452,0.200014,0.131537,1e-05,1e-06
324,1064.67,0.0243087,0.195916,0.00108681,0.101057,0.117128,0.0804604,0.117128,0.89925,0.0330838,0.200238,0.135877,1e-05,1e-06
325,1067.96,0.0232691,0.193935,0.00104488,0.094203,0.117587,0.0792381,0.117587,0.885,0.0349008,0.199261,0.140848,1e-05,1e-06
326,1071.27,0.0233573,0.191198,0.000980524,0.0989973,0.117745,0.073758,0.117745,0.879875,0.0369768,0.199105,0.149654,1e-05,1e-06
327,1074.51,0.0234167,0.196921,0.00103789,0.0908792,0.117899,0.0757247,0.117899,0.859375,0.0373023,0.200105,0.156218,1e-05,1e-06
328,1078.02,0.0278303,0.200741,0.00102806,0.10824,0.117557,0.0719673,0.117557,0.85625,0.0378362,0.199903,0.162256,1e-05,1e-06
329,1081.18,0.0392731,0.197675,0.00107642,0.119128,0.117281,0.0755662,0.117281,0.8685,0.0371454,0.199334,0.157714,1e-05,1e-06
330,1084.56,0.0252625,0.198546,0.000994373,0.0967907,0.120927,0.081342,0.120927,0.875625,0.0332905,0.201343,0.147437,1e-05,1e-06
331,1087.81,0.0262591,0.192247,0.00102289,0.101183,0.120745,0.0821967,0.120745,0.8745,0.0338019,0.199692,0.148892,1e-05,1e-06
332,1091.12,0.0257318,0.190507,0.00100629,0.0965124,0.121469,0.0860805,0.121469,0.871125,0.0337493,0.198161,0.150331,1e-05,1e-06
333,1094.62,0.0281413,0.198643,0.00101549,0.101724,0.12606,0.0930575,0.12606,0.887625,0.0335281,0.198378,0.143767,1e-05,1e-06
334,1097.93,0.0259554,0.198814,0.00100801,0.0990222,0.131823,0.0965772,0.131823,0.891875,0.0344522,0.199544,0.139846,1e-05,1e-06
335,1101.26,0.0390283,0.197977,0.000972373,0.117192,0.132764,0.0960235,0.132764,0.895,0.0345607,0.201061,0.133999,1e-05,1e-06
336,1104.51,0.0203822,0.19626,0.00100534,0.0903801,0.142669,0.102268,0.142669,0.88875,0.03489,0.198648,0.141254,1e-05,1e-06
337,1107.78,0.0274421,0.199865,0.00099283,0.0987047,0.143222,0.0999793,0.143222,0.877375,0.0355126,0.196864,0.143897,1e-05,1e-06
338,1111.12,0.0239573,0.194906,0.00108198,0.103407,0.144405,0.100904,0.144405,0.871125,0.0342209,0.196847,0.146001,1e-05,1e-06
339,1114.5,0.0252763,0.197036,0.000973307,0.103031,0.144241,0.10016,0.144241,0.875125,0.0316566,0.199435,0.144417,1e-05,1e-06
340,1117.74,0.0247729,0.194703,0.000995611,0.0974896,0.144145,0.0985486,0.144145,0.87825,0.0321609,0.198943,0.144782,1e-05,1e-06
341,1121.05,0.022962,0.193384,0.00106818,0.0976158,0.143759,0.0982262,0.143759,0.87625,0.0312347,0.199431,0.140204,1e-05,1e-06
342,1124.34,0.0207519,0.195043,0.00101096,0.0967103,0.142799,0.0982095,0.142799,0.883375,0.0319755,0.198348,0.138755,1e-05,1e-06
343,1127.73,0.0239304,0.196857,0.0010069,0.0960155,0.14282,0.096879,0.14282,0.887625,0.0310432,0.198573,0.142357,1e-05,1e-06
344,1131.03,0.023755,0.196715,0.000939862,0.0978246,0.14297,0.0972966,0.14297,0.887625,0.0299522,0.200922,0.136251,1e-05,1e-06
345,1134.34,0.0259921,0.18642,0.00101466,0.105615,0.142814,0.0976385,0.142814,0.887625,0.0291115,0.200031,0.133569,1e-05,1e-06
346,1137.81,0.0247111,0.196021,0.000921775,0.0902518,0.143277,0.0971286,0.143277,0.88875,0.0289068,0.199817,0.133838,1e-05,1e-06
347,1141.11,0.0791047,0.194062,0.00101379,0.177842,0.144079,0.0973749,0.144079,0.89075,0.0285471,0.202011,0.135109,1e-05,1e-06
348,1144.54,0.0253599,0.195654,0.00103352,0.0975861,0.145432,0.100457,0.145432,0.89475,0.0305231,0.197288,0.139872,1e-05,1e-06
349,1147.74,0.033245,0.191201,0.00101674,0.113955,0.1445,0.101438,0.1445,0.910375,0.029888,0.195825,0.133072,1e-05,1e-06
350,1150.97,0.0255018,0.196651,0.00104687,0.0970724,0.144009,0.103126,0.144009,0.902125,0.0279128,0.197724,0.13149,1e-05,1e-06
351,1154.26,0.0271037,0.198376,0.0010403,0.0982176,0.144162,0.104608,0.144162,0.900125,0.0295011,0.196473,0.128869,1e-05,1e-06
352,1157.64,0.0179453,0.196953,0.00105823,0.0787487,0.144191,0.109729,0.144191,0.90325,0.0299633,0.196659,0.127767,1e-05,1e-06
353,1161.03,0.0231692,0.196092,0.00104542,0.0870566,0.145116,0.109528,0.145116,0.89925,0.0304265,0.200136,0.126901,1e-05,1e-06
354,1164.37,0.0232935,0.194792,0.000963903,0.0939521,0.145708,0.110099,0.145708,0.900125,0.0307205,0.198491,0.129615,1e-05,1e-06
355,1167.64,0.0215986,0.193964,0.00101568,0.0924689,0.146229,0.109056,0.146229,0.897,0.0304164,0.197083,0.133351,1e-05,1e-06
356,1171.07,0.0233022,0.196218,0.000961015,0.094066,0.14641,0.105779,0.14641,0.897,0.0304612,0.198205,0.136366,1e-05,1e-06
357,1174.39,0.0243292,0.195196,0.000964559,0.0876793,0.145772,0.10578,0.145772,0.897,0.0301537,0.197098,0.135051,1e-05,1e-06
358,1177.67,0.0193608,0.19242,0.0010012,0.0800969,0.144832,0.110219,0.144832,0.900125,0.0304721,0.196862,0.130084,1e-05,1e-06
359,1181.09,0.0219327,0.195312,0.00100111,0.0900156,0.144324,0.109893,0.144324,0.889875,0.0295627,0.200646,0.132624,1e-05,1e-06
360,1184.38,0.022689,0.196195,0.000985632,0.0924571,0.144234,0.106942,0.144234,0.88675,0.0329102,0.197691,0.137728,1e-05,1e-06
361,1187.83,0.0229202,0.194238,0.000978998,0.0904566,0.144684,0.106436,0.144684,0.879375,0.0329056,0.197768,0.143238,1e-05,1e-06
362,1191.17,0.0261786,0.192697,0.00102066,0.11015,0.145396,0.103332,0.145396,0.871125,0.0326545,0.198195,0.145104,1e-05,1e-06
363,1194.48,0.0209962,0.193707,0.00101807,0.0990067,0.146006,0.0981411,0.146006,0.869125,0.0338732,0.198438,0.144838,1e-05,1e-06
364,1197.82,0.0252655,0.198096,0.00101848,0.100211,0.145163,0.100593,0.145163,0.893875,0.0327595,0.196872,0.142365,1e-05,1e-06
365,1201,0.0262028,0.191543,0.00102066,0.103232,0.145562,0.108062,0.145562,0.8805,0.0328779,0.197286,0.139417,1e-05,1e-06
366,1204.17,0.0282264,0.197718,0.00112102,0.104138,0.145199,0.110571,0.145199,0.887875,0.0311927,0.199332,0.132468,1e-05,1e-06
367,1207.61,0.0220005,0.194565,0.000966915,0.0963248,0.14525,0.11191,0.14525,0.89525,0.0314974,0.197352,0.125531,1e-05,1e-06
368,1210.92,0.0235483,0.193611,0.00102334,0.0932161,0.145284,0.111814,0.145284,0.89725,0.0302425,0.196897,0.128015,1e-05,1e-06
369,1214.23,0.0210835,0.195308,0.00104378,0.0897158,0.136123,0.104061,0.136123,0.890125,0.0304037,0.195896,0.132838,1e-05,1e-06
370,1217.51,0.0259114,0.19161,0.000984125,0.0924741,0.134982,0.103179,0.134982,0.892125,0.0302389,0.196889,0.133991,1e-05,1e-06
371,1220.88,0.0208805,0.190396,0.000972653,0.0892869,0.134083,0.104077,0.134083,0.887,0.0295211,0.195785,0.138768,1e-05,1e-06
372,1224.32,0.0248389,0.19251,0.000953537,0.0995784,0.133468,0.104261,0.133468,0.89925,0.0300246,0.196248,0.133522,1e-05,1e-06
373,1227.68,0.0229812,0.191368,0.000958731,0.0909867,0.134111,0.100914,0.134111,0.893,0.0308322,0.195683,0.133545,1e-05,1e-06
374,1230.98,0.0219114,0.191543,0.00106372,0.0912031,0.133243,0.100752,0.133243,0.896125,0.0312557,0.194019,0.133623,1e-05,1e-06
375,1234.23,0.0200854,0.195668,0.00101634,0.0829912,0.133277,0.0998089,0.133277,0.894125,0.0310188,0.194167,0.141615,1e-05,1e-06
376,1237.54,0.0232695,0.196477,0.000943815,0.0894288,0.133757,0.101296,0.133757,0.891,0.0314161,0.194169,0.144024,1e-05,1e-06
377,1240.87,0.0246576,0.192455,0.00107008,0.096249,0.134295,0.105337,0.134295,0.89725,0.0311486,0.196445,0.135514,1e-05,1e-06
378,1244.14,0.0218861,0.198068,0.00103382,0.0918451,0.133559,0.103405,0.133559,0.89525,0.0302153,0.198788,0.127967,1e-05,1e-06
379,1247.5,0.0194572,0.19689,0.00102013,0.0842344,0.13298,0.10458,0.13298,0.9075,0.0308458,0.195505,0.127886,1e-05,1e-06
380,1250.68,0.0217863,0.190647,0.00107748,0.0893893,0.133876,0.103387,0.133876,0.90525,0.0292989,0.197832,0.130247,1e-05,1e-06
381,1254.03,0.0257672,0.196215,0.000984366,0.0999863,0.134014,0.102889,0.134014,0.893875,0.0304166,0.197337,0.131115,1e-05,1e-06
382,1257.5,0.0331135,0.198015,0.000940861,0.121781,0.133644,0.100068,0.133644,0.893875,0.0308554,0.197706,0.131443,1e-05,1e-06
383,1260.74,0.0229763,0.195503,0.0010327,0.0903559,0.132851,0.0996713,0.132851,0.89925,0.031789,0.19817,0.129955,1e-05,1e-06
384,1264.12,0.023695,0.192056,0.000929258,0.103435,0.132888,0.097607,0.132888,0.9035,0.031295,0.196914,0.130166,1e-05,1e-06
385,1267.49,0.0212415,0.193653,0.00102825,0.0870762,0.133683,0.0955087,0.133683,0.896125,0.0329016,0.195934,0.128499,1e-05,1e-06
386,1270.76,0.0209735,0.195616,0.00100417,0.084626,0.133514,0.0958041,0.133514,0.906375,0.0318972,0.195709,0.130381,1e-05,1e-06
387,1274.12,0.0224075,0.194162,0.00102738,0.085109,0.133767,0.0961252,0.133767,0.908375,0.0308333,0.194503,0.131165,1e-05,1e-06
388,1277.62,0.0206932,0.188235,0.000956625,0.0892527,0.134397,0.0960259,0.134397,0.908375,0.0314464,0.194361,0.131948,1e-05,1e-06
389,1280.83,0.0207076,0.19462,0.00104407,0.083557,0.134608,0.0976234,0.134608,0.902125,0.0308838,0.195318,0.1271,1e-05,1e-06
390,1284.29,0.025515,0.191615,0.000968076,0.0895796,0.134856,0.0998225,0.134856,0.9095,0.0301646,0.196435,0.121627,1e-05,1e-06
391,1287.63,0.0322807,0.19554,0.000994439,0.104502,0.133901,0.0989231,0.133901,0.9075,0.0298654,0.201742,0.113271,1e-05,1e-06
392,1290.91,0.0245131,0.194626,0.00106473,0.0944733,0.134636,0.0977241,0.134636,0.90525,0.0295704,0.198824,0.117444,1e-05,1e-06
393,1294.17,0.0416767,0.196181,0.000982037,0.117978,0.134338,0.0973177,0.134338,0.90325,0.0294297,0.198313,0.121576,1e-05,1e-06
394,1297.48,0.023001,0.192246,0.00102709,0.0818349,0.13626,0.099071,0.13626,0.904125,0.0293956,0.197882,0.12628,1e-05,1e-06
395,1300.89,0.0247756,0.195192,0.000973686,0.100766,0.137576,0.0997112,0.137576,0.908375,0.0289259,0.198426,0.12455,1e-05,1e-06
396,1304.38,0.02348,0.19229,0.000893805,0.0931473,0.137329,0.099583,0.137329,0.9075,0.0290516,0.198178,0.1267,1e-05,1e-06
397,1307.59,0.0249286,0.192388,0.00105107,0.0960988,0.136192,0.101276,0.136192,0.900125,0.0290799,0.197107,0.124435,1e-05,1e-06
398,1310.91,0.0219145,0.191992,0.00102814,0.0860724,0.136132,0.102757,0.136132,0.9015,0.0304277,0.19799,0.1271,1e-05,1e-06
399,1314.17,0.0201078,0.190942,0.00101655,0.0871799,0.13668,0.103271,0.13668,0.894375,0.0348395,0.197454,0.130528,1e-05,1e-06
400,1317.49,0.0253891,0.193537,0.00101827,0.0929143,0.139493,0.104696,0.139493,0.894125,0.0330141,0.199135,0.132029,1e-06,1e-07
